Workbook

Sheet Welcome
A2: Welcome to Apex Girls Resources Info | H2: by @SrCuentaOficial
H3: Server 717. Migrate Now!
A4: Each level shows the resources needed to reach the next level.
M5: Update Notes
A6: Leave a comment, or send a screenshot if you'd like to help complete it. | M6: 23/01/2026 | N6: New calculator for total resource requirements by level range.
N7: Works for Artists, Assets, HQ, Collections, Car and Villa levels.
B8: Resource Type | D8: Complete Data | G8: Incomplete Data | M8: 22/01/2026 | N8: Added a new table detailing Promotion Cost (Assets Required) in the Assets tab.
B9: Car Parts (Pieces) | D9: Class A to SS-4stars | G9: Class SS-5stars to SSS-5stars | M9: 19/01/2026 | N9: Master Blueprint tables added to the Blueprints Tab (information still pending)
B10: Car Parts (Drawings) | D10: Class A to SS-4stars | G10: Class SS-5stars to SSS-5stars | M10: 19/01/2026 | N10: Carcore and Homemaking total amounts changed from levels 1–60 to 38–60.
B11: Car Core (Plugs and Coils) | D11: Tier D to A+ | G11: All Complete | N11: Applies to Tier 2 and above.
B12: HQ Glass | D12: Level 1 to 425 | G12: Levels 426 to 600 | M12: 29/12/2025 | N12: Total amounts added to Floors,Exhibits,Homeking,CarCore Tab
B13: HQ Floors (Wood and Steel) | D13: Floor1 to Floor3 | G13: Floor4 and Floor5
B14: Collection Gems | D14: Level 1 to 50 | G14: All Complete
B15: Museum Rooms (Sandstone and Tiles) | D15: Room 1 to 5 | G15: All Complete
B16: Villa Suite (Drones) | D16: Classic Villa, Elite Villa, Prestige Villa, Luxury Villa, Summit Villa, Iconic Villa and Urban Heights | G16: All Complete
B17: Villa Suite (Design Drafts) | D17: Classic Villa, Elite Villa, Prestige Villa, Luxury Villa, Summit Villa, Iconic Villa. | G17: Urban Heights
B18: Villa Homemaking (Coins and Keys) | D18: Tier 1 to 4 | G18: All Complete
B19: Assets Coins (Basic, Abroad, and Auction) | D19: Level 1 to 60 | G19: All Complete
B20: Artist (EXP and Promotion Cards) | D20: Level 1 to 140 | G20: All Complete
B21: Blueprints | D21: Tier 1 to 21 | G21: All Complete
B22: Master Blueprints | D22: Incomplete | G22: Incomplete
B23: Building Cards | D23: Level 1 to 15 | G23: All Complete
B24: Street Business Gold | D24: Level 1 to 15 | G24: All Complete

Sheet Calculator
A1: LEVEL PROGRESSION COST CALCULATOR | I1: @SrCuentaOficial | J1: Server 717. Migrate Now!
A2: ONLY COMPLETE LEVELS ARE AVAILABLE
A3: HQ GLASS | F3: HQ FLOORS
A4: *Available up to level 426 | F4: Floor | G4: 3 | H4: *Use Only for Floors 1, 2 and 3
A5: From Level | B5: 273 | C5: To Level | D5: 370 | F5: From Level | G5: 1 | H5: To Level | I5: 60
A6: You need | B6: =VLOOKUP(D5-1,Tables!$A$2:$C$603,3,0)-VLOOKUP(B5-1,Tables!$A$2:$C$603,3,0) -> 301670 | C6: Glass | F6: You need | G6: =VLOOKUP(I5-1,Tables!$BH$2:$BR$63,G4*2,0)-VLOOKUP(G5-1,Tables!$BH$2:$BR$63,G4*2,0) -> 30000 | H6: =IF($G$4>3,"HQ Wood","Wood") -> Wood | I6: =IF($G$4>3,"equals","") | J6: =IF($G$4>3,G6*125,"") | K6: =IF($G$4>3,"Wood","")
G7: =VLOOKUP(I5-1,Tables!$BH$2:$BR$63,G4*2+1,0)-VLOOKUP(G5-1,Tables!$BH$2:$BR$63,G4*2+1,0) -> 3000 | H7: =IF($G$4>3,"HQ Steel","Steel") -> Steel | I7: =IF($G$4>3,"equals","") | J7: =IF($G$4>3,G7*125,"") | K7: =IF($G$4>3,"Steel","")
A8: COLLECTION GEMS | F8: MUSEUM EXHIBITS
F9: Exhibit
A10: From Level | B10: 31 | C10: To Level | D10: 35 | F10: From Level | G10: 1 | H10: To Level | I10: 2
A11: You need | B11: =VLOOKUP(D10-1,Tables!$D$2:$F$53,3,0)-VLOOKUP(B10-1,Tables!$D$2:$F$53,3,0) -> 18251 | C11: Gems | F11: You need | G11: =VLOOKUP(I10-1,Tables!$BS$2:$CC$63,G10*2,0)-VLOOKUP(#REF!-1,Tables!$BS$2:$CC$63,G10*2,0) -> #REF! | H11: =IF($G$10>3,"HQ Sandstone","Sandstone") -> Sandstone | I11: =IF($G$10>3,"equals","") | J11: =IF($G$10>3,G11*125,"") | K11: =IF($G$10>3,"Sandstone","")
G12: =VLOOKUP(I10-1,Tables!$BS$2:$CC$63,G10*2+1,0)-VLOOKUP(#REF!-1,Tables!$BS$2:$CC$63,G10*2+1,0) -> #REF! | H12: =IF($G$10>3,"HQ Tiles","Tiles") -> Tiles | I12: =IF($G$10>3,"equals","") | J12: =IF($G$10>3,G12*125,"") | K12: =IF($G$10>3,"Tiles","")
A13: CAR PARTS | F13: CAR CORE
A14: Rank + #Stars | C14: *Available until SSS1 | F14: Rank | G14: A
A15: From Level | B15: SS3 | C15: To Level | D15: SS5 | F15: From Level | G15: 38 | H15: To Level | I15: 60
A16: You need | B16: =VLOOKUP(D15,Tables!$G$2:$K$36,3,0)-VLOOKUP(B15,Tables!$G$2:$K$36,3,0) -> 208000 | C16: Parts | F16: You need | G16: =VLOOKUP(I15-1,Tables!$CD$2:$CN$63,VLOOKUP($G$14,Tables!$Q$2:$R$7,2,0)*2,0)-VLOOKUP(G15-1,Tables!$CD$2:$CN$63,VLOOKUP($G$14,Tables!$Q$2:$R$7,2,0)*2,0) -> 1600 | H16: =IF(OR($G$14="A",$G$14="A+"),"Enhanced Plugs","Plugs") -> Enhanced Plugs | I16: =IF(OR($G$14="A",$G$14="A+"),"equals","") -> equals | J16: =IF(OR($G$14="A",$G$14="A+"),G16*125,"") -> 200000 | K16: =IF(OR($G$14="A",$G$14="A+"),"Plugs","") -> Plugs
B17: =VLOOKUP(D15,Tables!$G$2:$K$36,5,0)-VLOOKUP(B15,Tables!$G$2:$K$36,5,0) -> 30000 | C17: Advance Drawings | G17: =VLOOKUP(I15-1,Tables!$CD$2:$CN$63,VLOOKUP($G$14,Tables!$Q$2:$R$7,2,0)*2+1,0)-VLOOKUP(G15-1,Tables!$CD$2:$CN$63,VLOOKUP($G$14,Tables!$Q$2:$R$7,2,0)*2+1,0) -> 181 | H17: =IF(OR($G$14="A",$G$14="A+"),"Enhanced Coils","Coils") -> Enhanced Coils | I17: =IF(OR($G$14="A",$G$14="A+"),"equals","") -> equals | J17: =IF(OR($G$14="A",$G$14="A+"),G17*125,"") -> 22625 | K17: =IF(OR($G$14="A",$G$14="A+"),"Coils","") -> Coils
A18: VILLA SUITE | F18: VILLA HOMEMAKING
A19: Villa + #Gold hammers | C19: *Until Urban Heights-0 | F19: Tier | G19: 5
A20: From Level | B20: Summit Villa-1 | F20: From Level | G20: 32 | H20: To Level | I20: 45
A21: To Level | B21: Summit Villa-3
A22: You need | B22: =VLOOKUP(B21,Tables!$L$2:$P$41,3,0)-VLOOKUP(B20,Tables!$L$2:$P$41,3,0) -> 120000 | C22: Drones | F22: You need | G22: =VLOOKUP(I20-1,Tables!$CO$2:$CY$63,$G$19*2,0)-VLOOKUP(G20-1,Tables!$CO$2:$CY$63,$G$19*2,0) -> 2115 | H22: =IF($G$19>3,"HQ Coins","Coins") -> HQ Coins | I22: =IF($G$19>3,"equals","") -> equals | J22: =IF($G$19>3,G22*125,"") -> 264375 | K22: =IF($G$19>3,"Coins","") -> Coins
B23: =VLOOKUP(B21,Tables!$L$2:$P$41,5,0)-VLOOKUP(B20,Tables!$L$2:$P$41,5,0) -> 3000 | C23: Design Drafts | G23: =VLOOKUP(I20-1,Tables!$CO$2:$CY$63,$G$19*2+1,0)-VLOOKUP(G20-1,Tables!$CO$2:$CY$63,$G$19*2+1,0) -> 260 | H23: =IF($G$19>3,"HQ Keys","Keys") -> HQ Keys | I23: =IF($G$19>3,"equals","") -> equals | J23: =IF($G$19>3,G23*125,"") -> 32500 | K23: =IF($G$19>3,"Keys","") -> Keys
A25: ARTISTS | F25: ASSETS
F26: Type | G26: Jewelry | H26: Source | I26: Standard
A27: From Level | B27: 1 | C27: To Level | D27: 140 | F27: From Level | G27: 32 | H27: To Level | I27: 60
A28: You need | B28: =VLOOKUP($D$27-1,Tables!$CZ$2:$DD$143,3,0)-VLOOKUP($B$27-1,Tables!$CZ$2:$DD$143,3,0) -> 341963600 | C28: EXP Cards | F28: You need | G28: =VLOOKUP($I$27-1,Tables!$DS$2:$EB$62,(VLOOKUP($I$26,Tables!$DF$2:$DG$5,2,0)-1)*3+1+VLOOKUP($G$26,Tables!$DE$2:$DG$5,3,0),0)-VLOOKUP($G$27-1,Tables!$DS$2:$EB$62,(VLOOKUP($I$26,Tables!$DF$2:$DG$5,2,0)-1)*3+1+VLOOKUP($G$26,Tables!$DE$2:$DG$5,3,0),0) -> 2835000 | H28: Asset Coins
B29: =VLOOKUP($D$27-1,Tables!$CZ$2:$DD$143,5,0)-VLOOKUP($B$27-1,Tables!$CZ$2:$DD$143,5,0) -> 15900 | C29: Promotion Cards | G29: =VLOOKUP(I27-1,Tables!$EC$2:$EE$63,3,0)-VLOOKUP(G27-1,Tables!$EC$2:$EE$63,3,0) -> 9 | H29: Extra Assets for Promotion

Sheet Glass
A1: HQ GLASS
A2: Level | B2: Glass | C2: Level | D2: Glass | E2: Level | F2: Glass | G2: Level | H2: Glass | I2: Level | J2: Glass | K2: Level | L2: Glass | M2: Level | N2: Glass | O2: Level | P2: Glass | Q2: Level | R2: Glass | S2: Level | T2: Glass | U2: Level | V2: Glass | W2: Level | X2: Glass
A3: 1 | B3: 5 | C3: 51 | D3: 410 | E3: 101 | F3: 910 | G3: 151 | H3: 1410 | I3: 201 | J3: 1910 | K3: 251 | L3: 2410 | M3: 301 | N3: 2910 | O3: 351 | P3: 3410 | Q3: 401 | R3: 3850 | S3: 451 | U3: 501 | W3: 551
A4: 2 | B4: 10 | C4: 52 | D4: 420 | E4: 102 | F4: 920 | G4: 152 | H4: 1420 | I4: 202 | J4: 1920 | K4: 252 | L4: 2420 | M4: 302 | N4: 2920 | O4: 352 | P4: 3420 | Q4: 402 | R4: 3900 | S4: 452 | U4: 502 | W4: 552
A5: 3 | B5: 15 | C5: 53 | D5: 430 | E5: 103 | F5: 930 | G5: 153 | H5: 1430 | I5: 203 | J5: 1930 | K5: 253 | L5: 2430 | M5: 303 | N5: 2930 | O5: 353 | P5: 3430 | Q5: 403 | R5: 3950 | S5: 453 | U5: 503 | W5: 553
A6: 4 | B6: 20 | C6: 54 | D6: 440 | E6: 104 | F6: 940 | G6: 154 | H6: 1440 | I6: 204 | J6: 1940 | K6: 254 | L6: 2440 | M6: 304 | N6: 2940 | O6: 354 | P6: 3440 | Q6: 404 | R6: 4000 | S6: 454 | U6: 504 | W6: 554
A7: 5 | B7: 25 | C7: 55 | D7: 450 | E7: 105 | F7: 950 | G7: 155 | H7: 1450 | I7: 205 | J7: 1950 | K7: 255 | L7: 2450 | M7: 305 | N7: 2950 | O7: 355 | P7: 3450 | Q7: 405 | R7: 4200 | S7: 455 | T7: 9300 | U7: 505 | W7: 555
A8: 6 | B8: 30 | C8: 56 | D8: 460 | E8: 106 | F8: 960 | G8: 156 | H8: 1460 | I8: 206 | J8: 1960 | K8: 256 | L8: 2460 | M8: 306 | N8: 2960 | O8: 356 | P8: 3460 | Q8: 406 | R8: 4250 | S8: 456 | T8: 9450 | U8: 506 | W8: 556
A9: 7 | B9: 35 | C9: 57 | D9: 470 | E9: 107 | F9: 970 | G9: 157 | H9: 1470 | I9: 207 | J9: 1970 | K9: 257 | L9: 2470 | M9: 307 | N9: 2970 | O9: 357 | P9: 3470 | Q9: 407 | R9: 4300 | S9: 457 | T9: 9600 | U9: 507 | W9: 557
A10: 8 | B10: 40 | C10: 58 | D10: 480 | E10: 108 | F10: 980 | G10: 158 | H10: 1480 | I10: 208 | J10: 1980 | K10: 258 | L10: 2480 | M10: 308 | N10: 2980 | O10: 358 | P10: 3480 | Q10: 408 | R10: 4350 | S10: 458 | T10: 9750 | U10: 508 | W10: 558
A11: 9 | B11: 45 | C11: 59 | D11: 490 | E11: 109 | F11: 990 | G11: 159 | H11: 1490 | I11: 209 | J11: 1990 | K11: 259 | L11: 2490 | M11: 309 | N11: 2990 | O11: 359 | P11: 3490 | Q11: 409 | R11: 4400 | S11: 459 | T11: 9900 | U11: 509 | W11: 559
A12: 10 | B12: 50 | C12: 60 | D12: 500 | E12: 110 | F12: 1000 | G12: 160 | H12: 1500 | I12: 210 | J12: 2000 | K12: 260 | L12: 2500 | M12: 310 | N12: 3000 | O12: 360 | P12: 3500 | Q12: 410 | R12: 4450 | S12: 460 | T12: 10000 | U12: 510 | W12: 560
A13: 11 | B13: 55 | C13: 61 | D13: 510 | E13: 111 | F13: 1010 | G13: 161 | H13: 1510 | I13: 211 | J13: 2010 | K13: 261 | L13: 2510 | M13: 311 | N13: 3010 | O13: 361 | P13: 3510 | Q13: 411 | R13: 4500 | S13: 461 | T13: 10200 | U13: 511 | W13: 561
A14: 12 | B14: 60 | C14: 62 | D14: 520 | E14: 112 | F14: 1020 | G14: 162 | H14: 1520 | I14: 212 | J14: 2020 | K14: 262 | L14: 2520 | M14: 312 | N14: 3020 | O14: 362 | P14: 3520 | Q14: 412 | R14: 4550 | S14: 462 | T14: 10400 | U14: 512 | W14: 562
A15: 13 | B15: 65 | C15: 63 | D15: 530 | E15: 113 | F15: 1030 | G15: 163 | H15: 1530 | I15: 213 | J15: 2030 | K15: 263 | L15: 2530 | M15: 313 | N15: 3030 | O15: 363 | P15: 3530 | Q15: 413 | R15: 4600 | S15: 463 | T15: 10600 | U15: 513 | W15: 563
A16: 14 | B16: 70 | C16: 64 | D16: 540 | E16: 114 | F16: 1040 | G16: 164 | H16: 1540 | I16: 214 | J16: 2040 | K16: 264 | L16: 2540 | M16: 314 | N16: 3040 | O16: 364 | P16: 3540 | Q16: 414 | R16: 4650 | S16: 464 | T16: 10800 | U16: 514 | W16: 564
A17: 15 | B17: 75 | C17: 65 | D17: 550 | E17: 115 | F17: 1050 | G17: 165 | H17: 1550 | I17: 215 | J17: 2050 | K17: 265 | L17: 2550 | M17: 315 | N17: 3050 | O17: 365 | P17: 3550 | Q17: 415 | R17: 4700 | S17: 465 | T17: 11000 | U17: 515 | W17: 565
A18: 16 | B18: 80 | C18: 66 | D18: 560 | E18: 116 | F18: 1060 | G18: 166 | H18: 1560 | I18: 216 | J18: 2060 | K18: 266 | L18: 2560 | M18: 316 | N18: 3060 | O18: 366 | P18: 3560 | Q18: 416 | R18: 4750 | S18: 466 | T18: 11300 | U18: 516 | W18: 566
A19: 17 | B19: 85 | C19: 67 | D19: 570 | E19: 117 | F19: 1070 | G19: 167 | H19: 1570 | I19: 217 | J19: 2070 | K19: 267 | L19: 2570 | M19: 317 | N19: 3070 | O19: 367 | P19: 3570 | Q19: 417 | R19: 4800 | S19: 467 | U19: 517 | W19: 567
A20: 18 | B20: 90 | C20: 68 | D20: 580 | E20: 118 | F20: 1080 | G20: 168 | H20: 1580 | I20: 218 | J20: 2080 | K20: 268 | L20: 2580 | M20: 318 | N20: 3080 | O20: 368 | P20: 3580 | Q20: 418 | R20: 4850 | S20: 468 | U20: 518 | W20: 568
A21: 19 | B21: 95 | C21: 69 | D21: 590 | E21: 119 | F21: 1090 | G21: 169 | H21: 1590 | I21: 219 | J21: 2090 | K21: 269 | L21: 2590 | M21: 319 | N21: 3090 | O21: 369 | P21: 3590 | Q21: 419 | R21: 4900 | S21: 469 | U21: 519 | W21: 569
A22: 20 | B22: 100 | C22: 70 | D22: 600 | E22: 120 | F22: 1100 | G22: 170 | H22: 1600 | I22: 220 | J22: 2100 | K22: 270 | L22: 2600 | M22: 320 | N22: 3100 | O22: 370 | P22: 3600 | Q22: 420 | R22: 5000 | S22: 470 | U22: 520 | W22: 570
A23: 21 | B23: 110 | C23: 71 | D23: 610 | E23: 121 | F23: 1110 | G23: 171 | H23: 1610 | I23: 221 | J23: 2110 | K23: 271 | L23: 2610 | M23: 321 | N23: 3110 | O23: 371 | P23: 3610 | Q23: 421 | R23: 5100 | S23: 471 | U23: 521 | W23: 571
A24: 22 | B24: 120 | C24: 72 | D24: 620 | E24: 122 | F24: 1120 | G24: 172 | H24: 1620 | I24: 222 | J24: 2120 | K24: 272 | L24: 2620 | M24: 322 | N24: 3120 | O24: 372 | P24: 3620 | Q24: 422 | R24: 5200 | S24: 472 | U24: 522 | W24: 572
A25: 23 | B25: 130 | C25: 73 | D25: 630 | E25: 123 | F25: 1130 | G25: 173 | H25: 1630 | I25: 223 | J25: 2130 | K25: 273 | L25: 2630 | M25: 323 | N25: 3130 | O25: 373 | P25: 3620 | Q25: 423 | R25: 5300 | S25: 473 | U25: 523 | W25: 573
A26: 24 | B26: 140 | C26: 74 | D26: 640 | E26: 124 | F26: 1140 | G26: 174 | H26: 1640 | I26: 224 | J26: 2140 | K26: 274 | L26: 2640 | M26: 324 | N26: 3140 | O26: 374 | P26: 3620 | Q26: 424 | R26: 5400 | S26: 474 | U26: 524 | W26: 574
A27: 25 | B27: 150 | C27: 75 | D27: 650 | E27: 125 | F27: 1150 | G27: 175 | H27: 1650 | I27: 225 | J27: 2150 | K27: 275 | L27: 2650 | M27: 325 | N27: 3150 | O27: 375 | P27: 3620 | Q27: 425 | R27: 5500 | S27: 475 | U27: 525 | W27: 575
A28: 26 | B28: 160 | C28: 76 | D28: 660 | E28: 126 | F28: 1160 | G28: 176 | H28: 1660 | I28: 226 | J28: 2160 | K28: 276 | L28: 2660 | M28: 326 | N28: 3160 | O28: 376 | P28: 3620 | Q28: 426 | R28: 5600 | S28: 476 | U28: 526 | W28: 576
A29: 27 | B29: 170 | C29: 77 | D29: 670 | E29: 127 | F29: 1170 | G29: 177 | H29: 1670 | I29: 227 | J29: 2170 | K29: 277 | L29: 2670 | M29: 327 | N29: 3170 | O29: 377 | P29: 3620 | Q29: 427 | S29: 477 | U29: 527 | W29: 577
A30: 28 | B30: 180 | C30: 78 | D30: 680 | E30: 128 | F30: 1180 | G30: 178 | H30: 1680 | I30: 228 | J30: 2180 | K30: 278 | L30: 2680 | M30: 328 | N30: 3180 | O30: 378 | P30: 3620 | Q30: 428 | S30: 478 | U30: 528 | W30: 578
A31: 29 | B31: 190 | C31: 79 | D31: 690 | E31: 129 | F31: 1190 | G31: 179 | H31: 1690 | I31: 229 | J31: 2190 | K31: 279 | L31: 2690 | M31: 329 | N31: 3190 | O31: 379 | P31: 3620 | Q31: 429 | S31: 479 | U31: 529 | W31: 579
A32: 30 | B32: 200 | C32: 80 | D32: 700 | E32: 130 | F32: 1200 | G32: 180 | H32: 1700 | I32: 230 | J32: 2200 | K32: 280 | L32: 2700 | M32: 330 | N32: 3200 | O32: 380 | P32: 3620 | Q32: 430 | S32: 480 | U32: 530 | W32: 580
A33: 31 | B33: 210 | C33: 81 | D33: 710 | E33: 131 | F33: 1210 | G33: 181 | H33: 1710 | I33: 231 | J33: 2210 | K33: 281 | L33: 2710 | M33: 331 | N33: 3210 | O33: 381 | P33: 3620 | Q33: 431 | S33: 481 | U33: 531 | W33: 581
A34: 32 | B34: 220 | C34: 82 | D34: 720 | E34: 132 | F34: 1220 | G34: 182 | H34: 1720 | I34: 232 | J34: 2220 | K34: 282 | L34: 2720 | M34: 332 | N34: 3220 | O34: 382 | P34: 3620 | Q34: 432 | S34: 482 | U34: 532 | W34: 582
A35: 33 | B35: 230 | C35: 83 | D35: 730 | E35: 133 | F35: 1230 | G35: 183 | H35: 1730 | I35: 233 | J35: 2230 | K35: 283 | L35: 2730 | M35: 333 | N35: 3230 | O35: 383 | P35: 3620 | Q35: 433 | S35: 483 | U35: 533 | W35: 583
A36: 34 | B36: 240 | C36: 84 | D36: 740 | E36: 134 | F36: 1240 | G36: 184 | H36: 1740 | I36: 234 | J36: 2240 | K36: 284 | L36: 2740 | M36: 334 | N36: 3240 | O36: 384 | P36: 3620 | Q36: 434 | S36: 484 | U36: 534 | W36: 584
A37: 35 | B37: 250 | C37: 85 | D37: 750 | E37: 135 | F37: 1250 | G37: 185 | H37: 1750 | I37: 235 | J37: 2250 | K37: 285 | L37: 2750 | M37: 335 | N37: 3250 | O37: 385 | P37: 3620 | Q37: 435 | S37: 485 | U37: 535 | W37: 585
A38: 36 | B38: 260 | C38: 86 | D38: 760 | E38: 136 | F38: 1260 | G38: 186 | H38: 1760 | I38: 236 | J38: 2260 | K38: 286 | L38: 2760 | M38: 336 | N38: 3260 | O38: 386 | P38: 3620 | Q38: 436 | S38: 486 | U38: 536 | W38: 586
A39: 37 | B39: 270 | C39: 87 | D39: 770 | E39: 137 | F39: 1270 | G39: 187 | H39: 1770 | I39: 237 | J39: 2270 | K39: 287 | L39: 2770 | M39: 337 | N39: 3270 | O39: 387 | P39: 3620 | Q39: 437 | S39: 487 | U39: 537 | W39: 587
A40: 38 | B40: 280 | C40: 88 | D40: 780 | E40: 138 | F40: 1280 | G40: 188 | H40: 1780 | I40: 238 | J40: 2280 | K40: 288 | L40: 2780 | M40: 338 | N40: 3280 | O40: 388 | P40: 3620 | Q40: 438 | S40: 488 | U40: 538 | W40: 588
... A46: 44 | B46: 340 | C46: 94 | D46: 840 | E46: 144 | F46: 1340 | G46: 194 | H46: 1840 | I46: 244 | J46: 2340 | K46: 294 | L46: 2840 | M46: 344 | N46: 3340 | O46: 394 | P46: 3620 | Q46: 444 | S46: 494 | U46: 544 | W46: 594
A47: 45 | B47: 350 | C47: 95 | D47: 850 | E47: 145 | F47: 1350 | G47: 195 | H47: 1850 | I47: 245 | J47: 2350 | K47: 295 | L47: 2850 | M47: 345 | N47: 3350 | O47: 395 | P47: 3620 | Q47: 445 | R47: 7800 | S47: 495 | U47: 545 | W47: 595
A48: 46 | B48: 360 | C48: 96 | D48: 860 | E48: 146 | F48: 1360 | G48: 196 | H48: 1860 | I48: 246 | J48: 2360 | K48: 296 | L48: 2860 | M48: 346 | N48: 3360 | O48: 396 | P48: 3620 | Q48: 446 | S48: 496 | U48: 546 | W48: 596
A49: 47 | B49: 370 | C49: 97 | D49: 870 | E49: 147 | F49: 1370 | G49: 197 | H49: 1870 | I49: 247 | J49: 2370 | K49: 297 | L49: 2870 | M49: 347 | N49: 3370 | O49: 397 | P49: 3620 | Q49: 447 | S49: 497 | U49: 547 | W49: 597
A50: 48 | B50: 380 | C50: 98 | D50: 880 | E50: 148 | F50: 1380 | G50: 198 | H50: 1880 | I50: 248 | J50: 2380 | K50: 298 | L50: 2880 | M50: 348 | N50: 3380 | O50: 398 | P50: 3620 | Q50: 448 | S50: 498 | U50: 548 | W50: 598
A51: 49 | B51: 390 | C51: 99 | D51: 890 | E51: 149 | F51: 1390 | G51: 199 | H51: 1890 | I51: 249 | J51: 2390 | K51: 299 | L51: 2890 | M51: 349 | N51: 3390 | O51: 399 | P51: 3620 | Q51: 449 | R51: 8500 | S51: 499 | U51: 549 | W51: 599
A52: 50 | B52: 400 | C52: 100 | D52: 900 | E52: 150 | F52: 1400 | G52: 200 | H52: 1900 | I52: 250 | J52: 2400 | K52: 300 | L52: 2900 | M52: 350 | N52: 3400 | O52: 400 | P52: 3800 | Q52: 450 | S52: 500 | U52: 550 | W52: 600

Sheet Gems
B1: COLLECTION GEMS (Blue, Purple or Gold) | I1: GEMS SUMMARY
B2: Level | C2: Gems per Collection | D2: Level | E2: Gems per Collection | F2: Level | G2: Gems per Collection | I2: Level | J2: Gems per Collection
B3: 1 | C3: 5 | D3: 21 | E3: 1824 | F3: 41 | G3: 7469 | I3: 1 to 5 | J3: =SUM(C3:C6) -> 147
B4: 2 | C4: 22 | D4: 22 | E4: 2009 | F4: 42 | G4: 7863 | I4: 6 to 10 | J4: =SUM(C7:C11) -> 1077
B5: 3 | C5: 45 | D5: 23 | E5: 2204 | F5: 43 | G5: 8269 | I5: 11 to 15 | J5: =SUM(C12:C16) -> 2976
B6: 4 | C6: 75 | D6: 24 | E6: 2408 | F6: 44 | G6: 8686 | I6: 16 to 20 | J6: =SUM(C17:C21) -> 5954
B7: 5 | C7: 112 | D7: 25 | E7: 2623 | F7: 45 | G7: 9115 | I7: 21 to 25 | J7: =SUM(C22,E3:E6) -> 10094
B8: 6 | C8: 156 | D8: 26 | E8: 2847 | F8: 46 | G8: 9554 | I8: 26 to 30 | J8: =SUM(E7:E11) -> 15459
B9: 7 | C9: 208 | D9: 27 | E9: 3082 | F9: 47 | G9: 10005 | I9: 1 to 30 | J9: =SUM(J3:J8) -> 35707
B10: 8 | C10: 267 | D10: 28 | E10: 3326 | F10: 48 | G10: 10467 | I10: 31 to 35 | J10: =SUM(E12:E16) -> 22098
B11: 9 | C11: 334 | D11: 29 | E11: 3581 | F11: 49 | G11: 10941 | I11: 36 to 40 | J11: =SUM(E17:E21) -> 30057
B12: 10 | C12: 410 | D12: 30 | E12: 3847 | F12: 50 | G12: MAX | I12: 41 to 45 | J12: =SUM(E22,G3:G6) -> 39372
B13: 11 | C13: 494 | D13: 31 | E13: 4123 | I13: 46 to 50 | J13: =SUM(G7:G11) -> 50082
B14: 12 | C14: 586 | D14: 32 | E14: 4409 | I14: 31 to 50 | J14: =SUM(J10:J13) -> 141609
B15: 13 | C15: 688 | D15: 33 | E15: 4706 | I15: 1 to 50 | J15: =SUM(J9,J14) -> 177316
B16: 14 | C16: 798 | D16: 34 | E16: 5013
B17: 15 | C17: 916 | D17: 35 | E17: 5332
B18: 16 | C18: 1044 | D18: 36 | E18: 5661
B19: 17 | C19: 1182 | D19: 37 | E19: 6000
B20: 18 | C20: 1328 | D20: 38 | E20: 6351
B21: 19 | C21: 1484 | D21: 39 | E21: 6713
B22: 20 | C22: 1649 | D22: 40 | E22: 7085

Sheet Car Parts
A1: CAR VEHICULE UPGRADE PARTS | K1: CAR (Vehicle Advance Drawing)
A2: Rank | B2: Stars | C2: Phase 1 | D2: Phase 2 | E2: Phase 3 | F2: Phase 4 | G2: Phase 5 | H2: Total (per Part) | I2: All 04 Parts | K2: Rank | L2: Stars | M2: Drawings
A3: A | B3: 0 | C3: 10 | H3: =SUM(C3:G3) -> 10 | I3: =H3*4 -> 40 | K3: A | L3: 0 | M3: 4
A4: B | B4: 0 | C4: 20 | D4: 50 | H4: =SUM(C4:G4) -> 70 | I4: =H4*4 -> 280 | K4: B | L4: 0 | M4: 20
A5: B | B5: * | C5: 100 | D5: 120 | H5: =SUM(C5:G5) -> 220 | I5: =H5*4 -> 880 | K5: B | L5: * | M5: 80
A6: C | B6: 0 | C6: 240 | D6: 260 | E6: 280 | H6: =SUM(C6:G6) -> 780 | I6: =H6*4 -> 3120 | K6: C | L6: 0 | M6: 200
A7: C | B7: * | C7: 300 | D7: 320 | E7: 340 | H7: =SUM(C7:G7) -> 960 | I7: =H7*4 -> 3840 | K7: C | L7: * | M7: 500
A8: C | B8: ** | C8: 360 | D8: 380 | E8: 400 | H8: =SUM(C8:G8) -> 1140 | I8: =H8*4 -> 4560 | K8: C | L8: ** | M8: 1000
A9: D | B9: 0 | C9: 420 | D9: 440 | E9: 460 | F9: 480 | G9: 500 | H9: =SUM(C9:G9) -> 2300 | I9: =H9*4 -> 9200 | K9: D | L9: 0 | M9: 1200
A10: D | B10: * | C10: 520 | D10: 540 | E10: 560 | F10: 580 | G10: 600 | H10: =SUM(C10:G10) -> 2800 | I10: =H10*4 -> 11200 | K10: D | L10: * | M10: 1400
A11: D | B11: ** | C11: 620 | D11: 640 | E11: 660 | F11: 680 | G11: 700 | H11: =SUM(C11:G11) -> 3300 | I11: =H11*4 -> 13200 | K11: D | L11: ** | M11: 1800
A12: D | B12: *** | C12: 720 | D12: 740 | E12: 760 | F12: 780 | G12: 800 | H12: =SUM(C12:G12) -> 3800 | I12: =H12*4 -> 15200 | K12: D | L12: *** | M12: 2000
A13: E | B13: 0 | C13: 1100 | D13: 1130 | E13: 1160 | F13: 1190 | G13: 1220 | H13: =SUM(C13:G13) -> 5800 | I13: =H13*4 -> 23200 | K13: E | L13: 0 | M13: 2300
A14: E | B14: * | C14: 1250 | D14: 1280 | E14: 1310 | F14: 1340 | G14: 1370 | H14: =SUM(C14:G14) -> 6550 | I14: =H14*4 -> 26200 | K14: E | L14: * | M14: 2600
A15: E | B15: ** | C15: 1400 | D15: 1430 | E15: 1460 | F15: 1490 | G15: 1520 | H15: =SUM(C15:G15) -> 7300 | I15: =H15*4 -> 29200 | K15: E | L15: ** | M15: 2900
A16: E | B16: *** | C16: 1550 | D16: 1580 | E16: 1610 | F16: 1640 | G16: 1670 | H16: =SUM(C16:G16) -> 8050 | I16: =H16*4 -> 32200 | K16: E | L16: *** | M16: 3200
A17: E | B17: **** | C17: 1700 | D17: 1730 | E17: 1760 | F17: 1790 | G17: 1820 | H17: =SUM(C17:G17) -> 8800 | I17: =H17*4 -> 35200 | K17: E | L17: **** | M17: 3500
A18: E | B18: ***** | C18: 1850 | D18: 1880 | E18: 1910 | F18: 1940 | G18: 1970 | H18: =SUM(C18:G18) -> 9550 | I18: =H18*4 -> 38200 | K18: E | L18: ***** | M18: 4000
A19: S | B19: 0 | C19: 2000 | D19: 2030 | E19: 2060 | F19: 2090 | G19: 2120 | H19: =SUM(C19:G19) -> 10300 | I19: =H19*4 -> 41200 | K19: S | L19: 0 | M19: 4000
A20: S | B20: * | C20: 2150 | D20: 2180 | E20: 2210 | F20: 2240 | G20: 2270 | H20: =SUM(C20:G20) -> 11050 | I20: =H20*4 -> 44200 | K20: S | L20: * | M20: 4000
A21: S | B21: ** | C21: 2300 | D21: 2330 | E21: 2360 | F21: 2390 | G21: 2420 | H21: =SUM(C21:G21) -> 11800 | I21: =H21*4 -> 47200 | K21: S | L21: ** | M21: 4000
A22: S | B22: *** | C22: 2450 | D22: 2480 | E22: 2510 | F22: 2540 | G22: 2570 | H22: =SUM(C22:G22) -> 12550 | I22: =H22*4 -> 50200 | K22: S | L22: *** | M22: 4000
A23: S | B23: **** | C23: 2600 | D23: 2630 | E23: 2660 | F23: 2700 | G23: 2750 | H23: =SUM(C23:G23) -> 13340 | I23: =H23*4 -> 53360 | K23: S | L23: **** | M23: 4000
A24: S | B24: ***** | C24: 2800 | D24: 2850 | E24: 2900 | F24: 2950 | G24: 3000 | H24: =SUM(C24:G24) -> 14500 | I24: =H24*4 -> 58000 | K24: S | L24: ***** | M24: 8000
A25: SS | B25: 0 | C25: 3100 | D25: 3200 | E25: 3300 | F25: 3400 | G25: 3500 | H25: =SUM(C25:G25) -> 16500 | I25: =H25*4 -> 66000 | K25: SS | L25: 0 | M25: 8000
A26: SS | B26: * | C26: 3600 | D26: 3700 | E26: 3800 | F26: 3900 | G26: 4000 | H26: =SUM(C26:G26) -> 19000 | I26: =H26*4 -> 76000 | K26: SS | L26: * | M26: 11000
A27: SS | B27: ** | C27: 4100 | D27: 4200 | E27: 4300 | F27: 4400 | G27: 4500 | H27: =SUM(C27:G27) -> 21500 | I27: =H27*4 -> 86000 | K27: SS | L27: ** | M27: 11000
A28: SS | B28: *** | C28: 4600 | D28: 4700 | E28: 4800 | F28: 4900 | G28: 5000 | H28: =SUM(C28:G28) -> 24000 | I28: =H28*4 -> 96000 | K28: SS | L28: *** | M28: 15000
A29: SS | B29: **** | C29: 5200 | D29: 5400 | E29: 5600 | F29: 5800 | G29: 6000 | H29: =SUM(C29:G29) -> 28000 | I29: =H29*4 -> 112000 | K29: SS | L29: **** | M29: 15000
A30: SS | B30: ***** | C30: 6200 | D30: =6400 -> 6400 | E30: 6600 | F30: 6800 | G30: 7000 | H30: =SUM(C30:G30) -> 33000 | I30: =H30*4 -> 132000 | K30: SS | L30: ***** | M30: 20000
A31: SSS | B31: 0 | C31: 7300 | D31: 7600 | E31: 7900 | F31: 8200 | G31: 8500 | H31: =SUM(C31:G31) -> 39500 | I31: =H31*4 -> 158000 | K31: SSS | L31: 0 | M31: 20000
A32: SSS | B32: * | H32: =SUM(C32:G32) -> 0 | I32: =H32*4 -> 0 | K32: SSS | L32: *
A33: SSS | B33: ** | H33: =SUM(C33:G33) -> 0 | I33: =H33*4 -> 0 | K33: SSS | L33: **
A34: SSS | B34: *** | H34: =SUM(C34:G34) -> 0 | I34: =H34*4 -> 0 | K34: SSS | L34: ***
A35: SSS | B35: **** | H35: =SUM(C35:G35) -> 0 | I35: =H35*4 -> 0 | K35: SSS | L35: ****
A36: SSS | B36: ***** | H36: =SUM(C36:G36) -> 0 | I36: =H36*4 -> 0 | K36: SSS | L36: *****

Sheet Drones
A1: VILLA CONSTRUCTION DRONES | I1: VILLA DESIGN DRAFT
A2: Villa | B2: Hammers | C2: Gold Hammers | D2: Stages per Room | E2: Droids | F2: Droids per Room | G2: Droids (All 4 rooms) | I2: Villa | J2: Hammers | K2: Gold Hammers | L2: DRAFTS
A3: Classic Villa | B3: 1 | C3: 0 | D3: 5 | E3: 50 | F3: =D3*E3 -> 250 | G3: =F3*4 -> 1000 | I3: Classic Villa | J3: 1 | K3: 0 | L3: 200
A4: Elite Villa | B4: 1 | C4: 0 | D4: 10 | E4: 100 | F4: =D4*E4 -> 1000 | G4: =F4*4 -> 4000 | I4: Elite Villa | J4: 1 | K4: 0 | L4: 400
A5: Prestige Villa | B5: 2 | C5: 0 | D5: 10 | E5: 500 | F5: =D5*E5 -> 5000 | G5: =F5*4 -> 20000 | I5: Prestige Villa | J5: 2 | K5: 0 | L5: 600
B6: 2 | C6: 1 | D6: 10 | E6: 500 | F6: =D6*E6 -> 5000 | G6: =F6*4 -> 20000 | J6: 2 | K6: 1 | L6: 600
A7: Luxury Villa | B7: 4 | C7: 0 | D7: 10 | E7: 1000 | F7: =D7*E7 -> 10000 | G7: =F7*4 -> 40000 | I7: Luxury Villa | J7: 4 | K7: 0 | L7: 1000
B8: 4 | C8: 1 | D8: 10 | E8: 1000 | F8: =D8*E8 -> 10000 | G8: =F8*4 -> 40000 | J8: 4 | K8: 1 | L8: 1000
B9: 4 | C9: 2 | D9: 10 | E9: 1000 | F9: =D9*E9 -> 10000 | G9: =F9*4 -> 40000 | J9: 4 | K9: 2 | L9: 1000
B10: 4 | C10: 3 | D10: 10 | E10: 1000 | F10: =D10*E10 -> 10000 | G10: =F10*4 -> 40000 | J10: 4 | K10: 3 | L10: 1000
A11: Summit Villa | B11: 10 | C11: 0 | D11: 10 | E11: 1500 | F11: =D11*E11 -> 15000 | G11: =F11*4 -> 60000 | I11: Summit Villa | J11: 10 | K11: 0 | L11: 1500
B12: 10 | C12: 1 | D12: 10 | E12: 1500 | F12: =D12*E12 -> 15000 | G12: =F12*4 -> 60000 | J12: 10 | K12: 1 | L12: 1500
B13: 10 | C13: 2 | D13: 10 | E13: 1500 | F13: =D13*E13 -> 15000 | G13: =F13*4 -> 60000 | J13: 10 | K13: 2 | L13: 1500
B14: 10 | C14: 3 | D14: 10 | E14: 1500 | F14: =D14*E14 -> 15000 | G14: =F14*4 -> 60000 | J14: 10 | K14: 3 | L14: 1500
B15: 10 | C15: 4 | D15: 10 | E15: 1500 | F15: =D15*E15 -> 15000 | G15: =F15*4 -> 60000 | J15: 10 | K15: 4 | L15: 1500
B16: 10 | C16: 5 | D16: 10 | E16: 1500 | F16: =D16*E16 -> 15000 | G16: =F16*4 -> 60000 | J16: 10 | K16: 5 | L16: 1500
B17: 10 | C17: 6 | D17: 10 | E17: 1500 | F17: =D17*E17 -> 15000 | G17: =F17*4 -> 60000 | J17: 10 | K17: 6 | L17: 1500
B18: 10 | C18: 7 | D18: 10 | E18: 1500 | F18: =D18*E18 -> 15000 | G18: =F18*4 -> 60000 | J18: 10 | K18: 7 | L18: 1500
B19: 10 | C19: 8 | D19: 10 | E19: 1500 | F19: =D19*E19 -> 15000 | G19: =F19*4 -> 60000 | J19: 10 | K19: 8 | L19: 1500
B20: 10 | C20: 9 | D20: 10 | E20: 1500 | F20: =D20*E20 -> 15000 | G20: =F20*4 -> 60000 | J20: 10 | K20: 9 | L20: 1500
A21: Iconic Villa | B21: 10 | C21: 0 | D21: 10 | E21: 3000 | F21: =D21*E21 -> 30000 | G21: =F21*4 -> 120000 | I21: Iconic Villa | J21: 10 | K21: 0 | L21: 2000
B22: 10 | C22: 1 | D22: 10 | E22: 3000 | F22: =D22*E22 -> 30000 | G22: =F22*4 -> 120000 | J22: 10 | K22: 1 | L22: 2000
B23: 10 | C23: 2 | D23: 10 | E23: 3000 | F23: =D23*E23 -> 30000 | G23: =F23*4 -> 120000 | J23: 10 | K23: 2 | L23: 2000
B24: 10 | C24: 3 | D24: 10 | E24: 3000 | F24: =D24*E24 -> 30000 | G24: =F24*4 -> 120000 | J24: 10 | K24: 3 | L24: 2000
B25: 10 | C25: 4 | D25: 10 | E25: 3000 | F25: =D25*E25 -> 30000 | G25: =F25*4 -> 120000 | J25: 10 | K25: 4 | L25: 2000
B26: 10 | C26: 5 | D26: 10 | E26: 3000 | F26: =D26*E26 -> 30000 | G26: =F26*4 -> 120000 | J26: 10 | K26: 5 | L26: 2000
B27: 10 | C27: 6 | D27: 10 | E27: 3000 | F27: =D27*E27 -> 30000 | G27: =F27*4 -> 120000 | J27: 10 | K27: 6 | L27: 2000
B28: 10 | C28: 7 | D28: 10 | E28: 3000 | F28: =D28*E28 -> 30000 | G28: =F28*4 -> 120000 | J28: 10 | K28: 7 | L28: 2000
B29: 10 | C29: 8 | D29: 10 | E29: 3000 | F29: =D29*E29 -> 30000 | G29: =F29*4 -> 120000 | J29: 10 | K29: 8 | L29: 2000
B30: 10 | C30: 9 | D30: 10 | E30: 3000 | F30: =D30*E30 -> 30000 | G30: =F30*4 -> 120000 | J30: 10 | K30: 9 | L30: 2000
A31: Urban Heights | B31: 10 | C31: 0 | D31: 10 | E31: 6000 | F31: =D31*E31 -> 60000 | G31: =F31*4 -> 240000 | I31: Urban Heights | J31: 10 | K31: 0
B32: 10 | C32: 1 | D32: 10 | E32: 6000 | F32: =D32*E32 -> 60000 | G32: =F32*4 -> 240000 | J32: 10 | K32: 1
B33: 10 | C33: 2 | D33: 10 | E33: 6000 | F33: =D33*E33 -> 60000 | G33: =F33*4 -> 240000 | J33: 10 | K33: 2
B34: 10 | C34: 3 | D34: 10 | E34: 6000 | F34: =D34*E34 -> 60000 | G34: =F34*4 -> 240000 | J34: 10 | K34: 3
B35: 10 | C35: 4 | D35: 10 | E35: 6000 | F35: =D35*E35 -> 60000 | G35: =F35*4 -> 240000 | J35: 10 | K35: 4
B36: 10 | C36: 5 | D36: 10 | E36: 6000 | F36: =D36*E36 -> 60000 | G36: =F36*4 -> 240000 | J36: 10 | K36: 5
B37: 10 | C37: 6 | D37: 10 | E37: 6000 | F37: =D37*E37 -> 60000 | G37: =F37*4 -> 240000 | J37: 10 | K37: 6
B38: 10 | C38: 7 | D38: 10 | E38: 6000 | F38: =D38*E38 -> 60000 | G38: =F38*4 -> 240000 | J38: 10 | K38: 7
B39: 10 | C39: 8 | D39: 10 | E39: 6000 | F39: =D39*E39 -> 60000 | G39: =F39*4 -> 240000 | J39: 10 | K39: 8
B40: 10 | C40: 9 | D40: 10 | E40: 6000 | F40: =D40*E40 -> 60000 | G40: =F40*4 -> 240000 | J40: 10 | K40: 9
B41: 10 | C41: 10 | D41: MAX | E41: MAX | F41: MAX | G41: MAX | J41: 10 | K41: 10 | L41: MAX

Sheet Floors,Exhibits,Homemaking,CarC
B1: Total Amounts (From Level 1 to 60) | L1: Total Amounts (From Level 1 to 60) | V1: From L 1 to 60 | X1: Total Amounts (From Level 38 to 60) | AF1: From L 1 to 60 | AH1: Total Amounts (From Level 38 to 60)
B2: =SUM(B6:B64) -> 1500 | C2: =SUM(C6:C64) -> 150 | D2: =SUM(D6:D64) -> 6000 | E2: =SUM(E6:E64) -> 600 | F2: =SUM(F6:F64) -> 30000 | G2: =SUM(G6:G64) -> 3000 | H2: Incomplete | L2: =SUM(L6:L64) -> 2000 | M2: =SUM(M6:M64) -> 200 | N2: =SUM(N6:N64) -> 8069 | O2: =SUM(O6:O64) -> 808 | P2: =SUM(P6:P64) -> 40345 | Q2: =SUM(Q6:Q64) -> 4040 | R2: =SUM(R6:R64) -> 1718 | S2: =SUM(S6:S64) -> 149 | ... W2: =SUM(W6:W64) -> 200 | X2: =SUM(X43:X64) -> 8000 | Y2: =SUM(Y43:Y64) -> 905 | Z2: =SUM(Z43:Z64) -> 40000 | AA2: =SUM(AA43:AA64) -> 4525 | AB2: =SUM(AB43:AB64) -> 1600 | AC2: =SUM(AC43:AC64) -> 181 | AD2: =SUM(AD43:AD64) -> 8000 | AE2: =SUM(AE43:AE64) -> 905 | AF2: =SUM(AF6:AF64) -> 2000 | AG2: =SUM(AG6:AG64) -> 200 | AH2: =SUM(AH43:AH64) -> 8000 | AI2: =SUM(AI43:AI64) -> 905 | AJ2: =SUM(AJ43:AJ64) -> 40000 | AK2: =SUM(AK43:AK64) -> 4525 | AL2: =SUM(AL43:AL64) -> 1600 | AM2: =SUM(AM43:AM64) -> 181 | AN2: =SUM(AN43:AN64) -> 8000 | AO2: =SUM(AO43:AO64) -> 905
B3: HQ FLOORS (01 Object of the Room) | L3: PRIVATE MUSEUM (01 Object of the room) | V3: HOMEMAKING (01 Girl only) | AF3: CAR CORE (01 part of the car)
B4: Floor 1 | D4: F2 | F4: F3 | H4: F4 | J4: F5 | L4: Room 1 | N4: R2 | P4: R3 | R4: R4 | T4: R5 | V4: Tier 1 | X4: T2 | Z4: T3 | AB4: T4 | AD4: T5 | AF4: D Grade | AH4: C | AJ4: B | AL4: A | AN4: A+
A5: Level | B5: Wood | C5: Steel | D5: Wood | E5: Steel | F5: Wood | G5: Steel | H5: HQ Wood | I5: HQ Steel | J5: HQ Wood | K5: HQ Steel | L5: Sandstone | M5: Tile | N5: Sandstone | O5: Tile | P5: Sandstone | Q5: Tile | R5: HQ Sandstone | S5: HQ Tile | T5: HQ Sandstone | U5: HQ Tile | V5: Coins | W5: Keys | X5: Coins | Y5: Keys | Z5: Coins | AA5: Keys | AB5: HQ Coins | AC5: HQ Keys | AD5: HQ Coins | AE5: HQ Keys | AF5: Plug | AG5: Coil | AH5: Plug | AI5: Coil | AJ5: Plug | AK5: Coil | AL5: Enhanced Plug | AM5: Enhanced Coil | AN5: Enhanced Plug | AO5: Enhanced Coil
A6: 1 | B6: 1 | C6: 0 | D6: 4 | E6: 0 | F6: 20 | G6: 0 | H6: 1 | I6: 0 | J6: 5 | K6: 0 | L6: 1 | M6: 0 | N6: 5 | O6: 0 | P6: 25 | Q6: 0 | R6: 1 | S6: 0 | T6: 5 | U6: 0 | V6: 1 | W6: 0 | X6: 5 | Y6: 0 | Z6: 25 | AA6: 0 | AB6: 1 | AC6: 0 | AD6: 5 | AE6: 0 | AF6: 1 | AG6: 0 | AH6: 5 | AI6: 0 | AJ6: 25 | AK6: 0 | AL6: 1 | AM6: 0 | AN6: 5 | AO6: 0
A7: 2 | B7: 2 | C7: 0 | D7: 8 | E7: 0 | F7: 40 | G7: 0 | H7: 2 | I7: 0 | J7: 10 | K7: 0 | L7: 2 | M7: 0 | N7: 10 | O7: 0 | P7: 50 | Q7: 0 | R7: 2 | S7: 0 | T7: =R7*5 -> 10 | U7: =S7*5 -> 0 | V7: 2 | W7: 0 | X7: 10 | Y7: 0 | Z7: 50 | AA7: 0 | AB7: 2 | AC7: 0 | AD7: 10 | AE7: 0 | AF7: 2 | AG7: 0 | AH7: 10 | AI7: 0 | AJ7: 50 | AK7: 0 | AL7: 2 | AM7: 0 | AN7: 10 | AO7: 0
A8: 3 | B8: 2 | C8: 0 | D8: 8 | E8: 0 | F8: 40 | G8: 0 | H8: 2 | I8: 0 | J8: 10 | K8: 0 | L8: 2 | M8: 0 | N8: 10 | O8: 0 | P8: 50 | Q8: 0 | R8: 2 | S8: 0 | T8: =R8*5 -> 10 | U8: =S8*5 -> 0 | V8: 2 | W8: 0 | X8: 10 | Y8: 0 | Z8: 50 | AA8: 0 | AB8: 2 | AC8: 0 | AD8: 10 | AE8: 0 | AF8: 2 | AG8: 0 | AH8: 10 | AI8: 0 | AJ8: 50 | AK8: 0 | AL8: 2 | AM8: 0 | AN8: 10 | AO8: 0
A9: 4 | B9: 2 | C9: 0 | D9: 8 | E9: 0 | F9: 40 | G9: 0 | H9: 2 | I9: 0 | J9: 10 | K9: 0 | L9: 2 | M9: 0 | N9: 12 | O9: 0 | P9: 60 | Q9: 0 | R9: 2 | S9: 0 | T9: =R9*5 -> 10 | U9: =S9*5 -> 0 | V9: 2 | W9: 0 | X9: 10 | Y9: 0 | Z9: 50 | AA9: 0 | AB9: 2 | AC9: 0 | AD9: 10 | AE9: 0 | AF9: 2 | AG9: 0 | AH9: 10 | AI9: 0 | AJ9: 50 | AK9: 0 | AL9: 2 | AM9: 0 | AN9: 10 | AO9: 0
A10: 5 | B10: 2 | C10: 0 | D10: 8 | E10: 0 | F10: 40 | G10: 0 | H10: 2 | I10: 0 | J10: 10 | K10: 0 | L10: 3 | M10: 0 | N10: 12 | O10: 0 | P10: 60 | Q10: 0 | R10: 3 | S10: 0 | T10: =R10*5 -> 15 | U10: =S10*5 -> 0 | V10: 3 | W10: 0 | X10: 15 | Y10: 0 | Z10: 75 | AA10: 0 | AB10: 3 | AC10: 0 | AD10: 15 | AE10: 0 | AF10: 3 | AG10: 0 | AH10: 15 | AI10: 0 | AJ10: 75 | AK10: 0 | AL10: 3 | AM10: 0 | AN10: 15 | AO10: 0
A11: 6 | B11: 3 | C11: 0 | D11: 12 | E11: 0 | F11: 60 | G11: 0 | H11: 2 | I11: 0 | J11: 10 | K11: 0 | L11: 4 | M11: 0 | N11: 16 | O11: 0 | P11: 80 | Q11: 0 | R11: 3 | S11: 0 | T11: =R11*5 -> 15 | U11: =S11*5 -> 0 | V11: 4 | W11: 0 | X11: 20 | Y11: 0 | Z11: 100 | AA11: 0 | AB11: 4 | AC11: 0 | AD11: 20 | AE11: 0 | AF11: 4 | AG11: 0 | AH11: 20 | AI11: 0 | AJ11: 100 | AK11: 0 | AL11: 4 | AM11: 0 | AN11: 20 | AO11: 0
A12: 7 | B12: 4 | C12: 0 | D12: 16 | E12: 0 | F12: 80 | G12: 0 | H12: 3 | I12: 0 | J12: 15 | K12: 0 | L12: 5 | M12: 0 | N12: 16 | O12: 0 | P12: 80 | Q12: 0 | R12: 3 | S12: 0 | T12: =R12*5 -> 15 | U12: =S12*5 -> 0 | V12: 5 | W12: 0 | X12: 25 | Y12: 0 | Z12: 125 | AA12: 0 | AB12: 5 | AC12: 0 | AD12: 25 | AE12: 0 | AF12: 5 | AG12: 0 | AH12: 25 | AI12: 0 | AJ12: 125 | AK12: 0 | AL12: 5 | AM12: 0 | AN12: 25 | AO12: 0
A13: 8 | B13: 4 | C13: 0 | D13: 16 | E13: 0 | F13: 80 | G13: 0 | H13: 3 | I13: 0 | J13: 15 | K13: 0 | L13: 5 | M13: 0 | N13: 20 | O13: 0 | P13: 100 | Q13: 0 | R13: 4 | S13: 0 | T13: =R13*5 -> 20 | U13: =S13*5 -> 0 | V13: 5 | W13: 0 | X13: 25 | Y13: 0 | Z13: 125 | AA13: 0 | AB13: 5 | AC13: 0 | AD13: 25 | AE13: 0 | AF13: 5 | AG13: 0 | AH13: 25 | AI13: 0 | AJ13: 125 | AK13: 0 | AL13: 5 | AM13: 0 | AN13: 25 | AO13: 0
A14: 9 | B14: 4 | C14: 0 | D14: 16 | E14: 0 | F14: 80 | G14: 0 | H14: 3 | I14: 0 | J14: 15 | K14: 0 | L14: 5 | M14: 0 | N14: 20 | O14: 0 | P14: 100 | Q14: 0 | R14: 4 | S14: 0 | T14: =R14*5 -> 20 | U14: =S14*5 -> 0 | V14: 5 | W14: 0 | X14: 25 | Y14: 0 | Z14: 125 | AA14: 0 | AB14: 5 | AC14: 0 | AD14: 25 | AE14: 0 | AF14: 5 | AG14: 0 | AH14: 25 | AI14: 0 | AJ14: 125 | AK14: 0 | AL14: 5 | AM14: 0 | AN14: 25 | AO14: 0
A15: 10 | B15: 4 | C15: 0 | D15: 16 | E15: 0 | F15: 80 | G15: 0 | H15: 3 | I15: 0 | J15: 15 | K15: 0 | L15: 5 | M15: 0 | N15: 24 | O15: 0 | P15: 120 | Q15: 0 | R15: 4 | S15: 0 | T15: =R15*5 -> 20 | U15: =S15*5 -> 0 | V15: 5 | W15: 0 | X15: 25 | Y15: 0 | Z15: 125 | AA15: 0 | AB15: 5 | AC15: 0 | AD15: 25 | AE15: 0 | AF15: 5 | AG15: 0 | AH15: 25 | AI15: 0 | AJ15: 125 | AK15: 0 | AL15: 5 | AM15: 0 | AN15: 25 | AO15: 0
A16: 11 | B16: 5 | C16: 0 | D16: 20 | E16: 0 | F16: 100 | G16: 0 | H16: 4 | I16: 0 | J16: 20 | K16: 0 | L16: 6 | M16: 0 | N16: 24 | O16: 0 | P16: 120 | Q16: 0 | R16: 5 | S16: 0 | T16: =R16*5 -> 25 | U16: =S16*5 -> 0 | V16: 6 | W16: 0 | X16: 30 | Y16: 0 | Z16: 150 | AA16: 0 | AB16: 6 | AC16: 0 | AD16: 30 | AE16: 0 | AF16: 6 | AG16: 0 | AH16: 30 | AI16: 0 | AJ16: 150 | AK16: 0 | AL16: 6 | AM16: 0 | AN16: 30 | AO16: 0
A17: 12 | B17: 5 | C17: 0 | D17: 20 | E17: 0 | F17: 100 | G17: 0 | H17: 4 | I17: 0 | J17: 20 | K17: 0 | L17: 6 | M17: 0 | N17: 28 | O17: 0 | P17: 140 | Q17: 0 | R17: 5 | S17: 0 | T17: =R17*5 -> 25 | U17: =S17*5 -> 0 | V17: 6 | W17: 0 | X17: 30 | Y17: 0 | Z17: 150 | AA17: 0 | AB17: 6 | AC17: 0 | AD17: 30 | AE17: 0 | AF17: 6 | AG17: 0 | AH17: 30 | AI17: 0 | AJ17: 150 | AK17: 0 | AL17: 6 | AM17: 0 | AN17: 30 | AO17: 0
A18: 13 | B18: 5 | C18: 0 | D18: 20 | E18: 0 | F18: 100 | G18: 0 | H18: 4 | I18: 0 | J18: 20 | K18: 0 | L18: 6 | M18: 0 | N18: 28 | O18: 0 | P18: 140 | Q18: 0 | R18: 5 | S18: 0 | T18: =R18*5 -> 25 | U18: =S18*5 -> 0 | V18: 6 | W18: 0 | X18: 30 | Y18: 0 | Z18: 150 | AA18: 0 | AB18: 6 | AC18: 0 | AD18: 30 | AE18: 0 | AF18: 6 | AG18: 0 | AH18: 30 | AI18: 0 | AJ18: 150 | AK18: 0 | AL18: 6 | AM18: 0 | AN18: 30 | AO18: 0
... A60: 55 | B60: 80 | C60: 8 | D60: 320 | E60: 32 | F60: 1600 | G60: 160 | H60: 64 | I60: 6 | J60: 320 | K60: 30 | L60: 105 | M60: 11 | N60: 420 | O60: 44 | P60: 2100 | Q60: 220 | R60: 70 | S60: 7 | T60: =R60*5 -> 350 | U60: =S60*5 -> 35 | V60: 105 | W60: 11 | X60: 525 | Y60: 55 | Z60: 2625 | AA60: 275 | AB60: 105 | AC60: 11 | AD60: 525 | AE60: 55 | AF60: 105 | AG60: 11 | AH60: 525 | AI60: 55 | AJ60: 2625 | AK60: 275 | AL60: 105 | AM60: 11 | AN60: 525 | AO60: 55
A61: 56 | B61: 80 | C61: 8 | D61: 320 | E61: 32 | F61: 1600 | G61: 160 | L61: 105 | M61: 11 | N61: 420 | O61: 44 | P61: 2100 | Q61: 220 | R61: 80 | S61: 8 | T61: =R61*5 -> 400 | U61: =S61*5 -> 40 | V61: 105 | W61: 11 | X61: 525 | Y61: 55 | Z61: 2625 | AA61: 275 | AB61: 105 | AC61: 11 | AD61: 525 | AE61: 55 | AF61: 105 | AG61: 11 | AH61: 525 | AI61: 55 | AJ61: 2625 | AK61: 275 | AL61: 105 | AM61: 11 | AN61: 525 | AO61: 55
A62: 57 | B62: 90 | C62: 9 | D62: 360 | E62: 36 | F62: 1800 | G62: 180 | L62: 120 | M62: 12 | N62: 480 | O62: 48 | P62: 2400 | Q62: 240 | R62: 80 | S62: 8 | T62: =R62*5 -> 400 | U62: =S62*5 -> 40 | V62: 120 | W62: 12 | X62: 600 | Y62: 60 | Z62: 3000 | AA62: 300 | AB62: 120 | AC62: 12 | AD62: 600 | AE62: 60 | AF62: 120 | AG62: 12 | AH62: 600 | AI62: 60 | AJ62: 3000 | AK62: 300 | AL62: 120 | AM62: 12 | AN62: 600 | AO62: 60
A63: 58 | B63: 100 | C63: 9 | D63: 400 | E63: 36 | F63: 2000 | G63: 180 | H63: 80 | I63: 7 | J63: 400 | K63: 35 | L63: 135 | M63: 13 | N63: 540 | O63: 54 | P63: 2700 | Q63: 270 | R63: 80 | S63: 8 | T63: =R63*5 -> 400 | U63: =S63*5 -> 40 | V63: 135 | W63: 13 | X63: 675 | Y63: 65 | Z63: 3375 | AA63: 325 | AB63: 135 | AC63: 13 | AD63: 675 | AE63: 65 | AF63: 135 | AG63: 13 | AH63: 675 | AI63: 65 | AJ63: 3375 | AK63: 325 | AL63: 135 | AM63: 13 | AN63: 675 | AO63: 65
A64: 59 | B64: 100 | C64: 9 | D64: 400 | E64: 36 | F64: 2000 | G64: 180 | L64: 150 | M64: 14 | N64: 600 | O64: 60 | P64: 3000 | Q64: 300 | R64: 100 | S64: 10 | T64: =R64*5 -> 500 | U64: =S64*5 -> 50 | V64: 150 | W64: 14 | X64: 750 | Y64: 70 | Z64: 3750 | AA64: 350 | AB64: 150 | AC64: 14 | AD64: 750 | AE64: 70 | AF64: 150 | AG64: 14 | AH64: 750 | AI64: 70 | AJ64: 3750 | AK64: 350 | AL64: 150 | AM64: 14 | AN64: 750 | AO64: 70
A65: 60 | B65: MAX | L65: MAX | V65: MAX | AF65: MAX

Sheet Assets
A1: ASSET COINS | O1: ASSET COINS SUMMARY
A2: BASIC GOLD ASSETS | F2: ABROAD ADVENTURES ASSETS | K2: AUCTION ASSETS | P2: BASIC ASSETS | S2: ABROAD ADVENTURES ASSETS | V2: AUCTION ASSETS
A3: Level | B3: Jewelry | C3: Car | D3: Property | F3: Level | G3: Jewelry | H3: Car | I3: Property | K3: Level | L3: Car | M3: Property | O3: Levels | P3: Jewelry | Q3: Car | R3: Property | S3: Jewelry | T3: Car | U3: Property | V3: Car | W3: Property
A4: 1 | B4: 500 | C4: 1000 | D4: 2000 | F4: 1 | G4: 1000 | H4: 1500 | I4: 3000 | K4: 1 | L4: 2000 | M4: 4000 | O4: 1 to 15 | P4: =SUM(B4:B17) -> 48500 | Q4: =SUM(C4:C17) -> 97000 | R4: =SUM(D4:D17) -> 194000 | S4: =SUM(G4:G17) -> 97000 | T4: =SUM(H4:H17) -> 145500 | U4: =SUM(I4:I17) -> 291000 | V4: =SUM(L4:L17) -> 194000 | W4: =SUM(M4:M17) -> 388000
A5: 2 | B5: 750 | C5: 1500 | D5: 3000 | F5: 2 | G5: 1500 | H5: 2250 | I5: 4500 | K5: 2 | L5: 3000 | M5: 6000 | O5: 16 to 20 | P5: =SUM(B18:B22) -> 90500 | Q5: =SUM(C18:C22) -> 181000 | R5: =SUM(D18:D22) -> 362000 | S5: =SUM(G18:G22) -> 181000 | T5: =SUM(H18:H22) -> 271500 | U5: =SUM(I18:I22) -> 543000 | V5: =SUM(L18:L22) -> 362000 | W5: =SUM(M18:M22) -> 724000
A6: 3 | B6: 1000 | C6: 2000 | D6: 4000 | F6: 3 | G6: 2000 | H6: 3000 | I6: 6000 | K6: 3 | L6: 4000 | M6: 8000 | O6: 21 to 25 | P6: =SUM(B23:B27) -> 165000 | Q6: =SUM(C23:C27) -> 330000 | R6: =SUM(D23:D27) -> 660000 | S6: =SUM(G23:G27) -> 330000 | T6: =SUM(H23:H27) -> 495000 | U6: =SUM(I23:I27) -> 990000 | V6: =SUM(L23:L27) -> 660000 | W6: =SUM(M23:M27) -> 1320000
A7: 4 | B7: 1250 | C7: 2500 | D7: 5000 | F7: 4 | G7: 2500 | H7: 3750 | I7: 7500 | K7: 4 | L7: 5000 | M7: 10000 | O7: 26 to 30 | P7: =SUM(B28:B32) -> 252000 | Q7: =SUM(C28:C32) -> 504000 | R7: =SUM(D28:D32) -> 1008000 | S7: =SUM(G28:G32) -> 504000 | T7: =SUM(H28:H32) -> 756000 | U7: =SUM(I28:I32) -> 1512000 | V7: =SUM(L28:L32) -> 1008000 | W7: =SUM(M28:M32) -> 2016000
A8: 5 | B8: 1500 | C8: 3000 | D8: 6000 | F8: 5 | G8: 3000 | H8: 4500 | I8: 9000 | K8: 5 | L8: 6000 | M8: 12000 | O8: 1 to 30 | P8: =SUM(P4:P7) -> 556000 | Q8: =SUM(Q4:Q7) -> 1112000 | R8: =SUM(R4:R7) -> 2224000 | S8: =SUM(S4:S7) -> 1112000 | T8: =SUM(T4:T7) -> 1668000 | U8: =SUM(U4:U7) -> 3336000 | V8: =SUM(V4:V7) -> 2224000 | W8: =SUM(W4:W7) -> 4448000
A9: 6 | B9: 2000 | C9: 4000 | D9: 8000 | F9: 6 | G9: 4000 | H9: 6000 | I9: 12000 | K9: 6 | L9: 8000 | M9: 16000 | O9: 31 to 35 | P9: =SUM(B33:B37) -> 337500 | Q9: =SUM(C33:C37) -> 675000 | R9: =SUM(D33:D37) -> 1350000 | S9: =SUM(G33:G37) -> 675000 | T9: =SUM(H33:H37) -> 1012500 | U9: =SUM(I33:I37) -> 2025000 | V9: =SUM(L33:L37) -> 1350000 | W9: =SUM(M33:M37) -> 2700000
A10: 7 | B10: 2500 | C10: 5000 | D10: 10000 | F10: 7 | G10: 5000 | H10: 7500 | I10: 15000 | K10: 7 | L10: 10000 | M10: 20000 | O10: 36 to 40 | P10: =SUM(B38:B42) -> 400000 | Q10: =SUM(C38:C42) -> 800000 | R10: =SUM(D38:D42) -> 1600000 | S10: =SUM(G38:G42) -> 800000 | T10: =SUM(H38:H42) -> 1200000 | U10: =SUM(I38:I42) -> 2400000 | V10: =SUM(L38:L42) -> 1600000 | W10: =SUM(M38:M42) -> 3200000
A11: 8 | B11: 3000 | C11: 6000 | D11: 12000 | F11: 8 | G11: 6000 | H11: 9000 | I11: 18000 | K11: 8 | L11: 12000 | M11: 24000 | O11: 41 to 45 | P11: =SUM(B43:B47) -> 462500 | Q11: =SUM(C43:C47) -> 925000 | R11: =SUM(D43:D47) -> 1850000 | S11: =SUM(G43:G47) -> 925000 | T11: =SUM(H43:H47) -> 1387500 | U11: =SUM(I43:I47) -> 2775000 | V11: =SUM(L43:L47) -> 1850000 | W11: =SUM(M43:M47) -> 3700000
A12: 9 | B12: 3500 | C12: 7000 | D12: 14000 | F12: 9 | G12: 7000 | H12: 10500 | I12: 21000 | K12: 9 | L12: 14000 | M12: 28000 | O12: 46 to 50 | P12: =SUM(B48:B52) -> 525000 | Q12: =SUM(C48:C52) -> 1050000 | R12: =SUM(D48:D52) -> 2100000 | S12: =SUM(G48:G52) -> 1050000 | T12: =SUM(H48:H52) -> 1575000 | U12: =SUM(I48:I52) -> 3150000 | V12: =SUM(L48:L52) -> 2100000 | W12: =SUM(M48:M52) -> 4200000
A13: 10 | B13: 4000 | C13: 8000 | D13: 16000 | F13: 10 | G13: 8000 | H13: 12000 | I13: 24000 | K13: 10 | L13: 16000 | M13: 32000 | O13: 51 to 55 | P13: =SUM(B53:B57) -> 587500 | Q13: =SUM(C53:C57) -> 1175000 | R13: =SUM(D53:D57) -> 2350000 | S13: =SUM(G53:G57) -> 1175000 | T13: =SUM(H53:H57) -> 1762500 | U13: =SUM(I53:I57) -> 3525000 | V13: =SUM(L53:L57) -> 2350000 | W13: =SUM(M53:M57) -> 4700000
A14: 11 | B14: 5000 | C14: 10000 | D14: 20000 | F14: 11 | G14: 10000 | H14: 15000 | I14: 30000 | K14: 11 | L14: 20000 | M14: 40000 | O14: 56 to 60 | P14: =SUM(B58:B62) -> 650000 | Q14: =SUM(C58:C62) -> 1300000 | R14: =SUM(D58:D62) -> 2600000 | S14: =SUM(G58:G62) -> 1300000 | T14: =SUM(H58:H62) -> 1950000 | U14: =SUM(I58:I62) -> 3900000 | V14: =SUM(L58:L62) -> 2600000 | W14: =SUM(M58:M62) -> 5200000
A15: 12 | B15: 6000 | C15: 12000 | D15: 24000 | F15: 12 | G15: 12000 | H15: 18000 | I15: 36000 | K15: 12 | L15: 24000 | M15: 48000 | O15: 31 to 60 | P15: =SUM(P9:P14) -> 2962500 | Q15: =SUM(Q9:Q14) -> 5925000 | R15: =SUM(R9:R14) -> 11850000 | S15: =SUM(S9:S14) -> 5925000 | T15: =SUM(T9:T14) -> 8887500 | U15: =SUM(U9:U14) -> 17775000 | V15: =SUM(V9:V14) -> 11850000 | W15: =SUM(W9:W14) -> 23700000
A16: 13 | B16: 7500 | C16: 15000 | D16: 30000 | F16: 13 | G16: 15000 | H16: 22500 | I16: 45000 | K16: 13 | L16: 30000 | M16: 60000 | O16: 1 to 60 | P16: =P8+P15 -> 3518500 | Q16: =Q8+Q15 -> 7037000 | R16: =R8+R15 -> 14074000 | S16: =S8+S15 -> 7037000 | T16: =T8+T15 -> 10555500 | U16: =U8+U15 -> 21111000 | V16: =V8+V15 -> 14074000 | W16: =W8+W15 -> 28148000
A17: 14 | B17: 10000 | C17: 20000 | D17: 40000 | F17: 14 | G17: 20000 | H17: 30000 | I17: 60000 | K17: 14 | L17: 40000 | M17: 80000
A18: 15 | B18: 12500 | C18: 25000 | D18: 50000 | F18: 15 | G18: 25000 | H18: 37500 | I18: 75000 | K18: 15 | L18: 50000 | M18: 100000 | O18: PROMOTION COST (ASSETS REQUIRED)
A19: 16 | B19: 15000 | C19: 30000 | D19: 60000 | F19: 16 | G19: 30000 | H19: 45000 | I19: 90000 | K19: 16 | L19: 60000 | M19: 120000 | O19: Level | P19: New Max Level | Q19: Assets Req.
A20: 17 | B20: 18000 | C20: 36000 | D20: 72000 | F20: 17 | G20: 36000 | H20: 54000 | I20: 108000 | K20: 17 | L20: 72000 | M20: 144000 | O20: 30 | P20: 35 | Q20: 1
A21: 18 | B21: 21000 | C21: 42000 | D21: 84000 | F21: 18 | G21: 42000 | H21: 63000 | I21: 126000 | K21: 18 | L21: 84000 | M21: 168000 | O21: 35 | P21: 40 | Q21: 1
A22: 19 | B22: 24000 | C22: 48000 | D22: 96000 | F22: 19 | G22: 48000 | H22: 72000 | I22: 144000 | K22: 19 | L22: 96000 | M22: 192000 | O22: 40 | P22: 45 | Q22: 1
A23: 20 | B23: 27000 | C23: 54000 | D23: 108000 | F23: 20 | G23: 54000 | H23: 81000 | I23: 162000 | K23: 20 | L23: 108000 | M23: 216000 | O23: 45 | P23: 50 | Q23: 2
A24: 21 | B24: 30000 | C24: 60000 | D24: 120000 | F24: 21 | G24: 60000 | H24: 90000 | I24: 180000 | K24: 21 | L24: 120000 | M24: 240000 | O24: 50 | P24: 55 | Q24: 2
A25: 22 | B25: 33000 | C25: 66000 | D25: 132000 | F25: 22 | G25: 66000 | H25: 99000 | I25: 198000 | K25: 22 | L25: 132000 | M25: 264000 | O25: 55 | P25: 60 | Q25: 3
A26: 23 | B26: 36000 | C26: 72000 | D26: 144000 | F26: 23 | G26: 72000 | H26: 108000 | I26: 216000 | K26: 23 | L26: 144000 | M26: 288000
A27: 24 | B27: 39000 | C27: 78000 | D27: 156000 | F27: 24 | G27: 78000 | H27: 117000 | I27: 234000 | K27: 24 | L27: 156000 | M27: 312000
A28: 25 | B28: 42000 | C28: 84000 | D28: 168000 | F28: 25 | G28: 84000 | H28: 126000 | I28: 252000 | K28: 25 | L28: 168000 | M28: 336000
A29: 26 | B29: 45000 | C29: 90000 | D29: 180000 | F29: 26 | G29: 90000 | H29: 135000 | I29: 270000 | K29: 26 | L29: 180000 | M29: 360000
A30: 27 | B30: 50000 | C30: 100000 | D30: 200000 | F30: 27 | G30: 100000 | H30: 150000 | I30: 300000 | K30: 27 | L30: 200000 | M30: 400000
A31: 28 | B31: 55000 | C31: 110000 | D31: 220000 | F31: 28 | G31: 110000 | H31: 165000 | I31: 330000 | K31: 28 | L31: 220000 | M31: 440000
A32: 29 | B32: 60000 | C32: 120000 | D32: 240000 | F32: 29 | G32: 120000 | H32: 180000 | I32: 360000 | K32: 29 | L32: 240000 | M32: 480000
A33: 30 | B33: 62500 | C33: 125000 | D33: 250000 | F33: 30 | G33: 125000 | H33: 187500 | I33: 375000 | K33: 30 | L33: 250000 | M33: 500000
A34: 31 | B34: 65000 | C34: 130000 | D34: 260000 | F34: 31 | G34: 130000 | H34: 195000 | I34: 390000 | K34: 31 | L34: 260000 | M34: 520000
A35: 32 | B35: 67500 | C35: 135000 | D35: 270000 | F35: 32 | G35: 135000 | H35: 202500 | I35: 405000 | K35: 32 | L35: 270000 | M35: 540000
A36: 33 | B36: 70000 | C36: 140000 | D36: 280000 | F36: 33 | G36: 140000 | H36: 210000 | I36: 420000 | K36: 33 | L36: 280000 | M36: 560000
A37: 34 | B37: 72500 | C37: 145000 | D37: 290000 | F37: 34 | G37: 145000 | H37: 217500 | I37: 435000 | K37: 34 | L37: 290000 | M37: 580000
... A62: 59 | B62: 135000 | C62: 270000 | D62: 540000 | F62: 59 | G62: 270000 | H62: 405000 | I62: 810000 | K62: 59 | L62: 540000 | M62: 1080000
A63: 60 | B63: MAX | C63: MAX | D63: MAX | F63: 60 | G63: MAX | H63: MAX | I63: MAX | K63: 60 | L63: MAX | M63: MAX

Sheet Artist
A1: ARTIST EXP CARDS (per level) | L1: ARTIST EXP CARDS AND PROMOTION CARDS
A2: Level | B2: EXP | C2: Level | D2: EXP | E2: Level | F2: EXP | G2: Level | H2: EXP | I2: Level | J2: EXP | L2: Levels | M2: EXP | N2: Promotion Cards | O2: EXP Accum | P2: Promotion Cards Accum
C3: 30 | D3: 65000 | E3: 60 | F3: 1000000 | G3: 90 | H3: 3100000 | I3: 120 | J3: 6100000 | L3: 1 to 20 | M3: 70600 | O3: 70600
A4: 1 | B4: 100 | C4: 31 | D4: 70000 | E4: 61 | F4: 1050000 | G4: 91 | H4: 3200000 | I4: 121 | J4: 6200000 | L4: 21 to 30 | M4: 293000 | N4: 50 | O4: 363600 | P4: 50
A5: 2 | B5: 200 | C5: 32 | D5: 75000 | E5: 62 | F5: 1100000 | G5: 92 | H5: 3300000 | I5: 122 | J5: 6300000 | L5: 31 to 40 | M5: 920000 | N5: 100 | O5: 1283600 | P5: 150
A6: 3 | B6: 300 | C6: 33 | D6: 80000 | E6: 63 | F6: 1150000 | G6: 93 | H6: 3400000 | I6: 123 | J6: 6400000 | L6: 41 to 50 | M6: 2350000 | N6: 200 | O6: 3633600 | P6: 350
A7: 4 | B7: 400 | C7: 34 | D7: 85000 | E7: 64 | F7: 1200000 | G7: 94 | H7: 3500000 | I7: 124 | J7: 6500000 | L7: 51 to 60 | M7: 5780000 | N7: 450 | O7: 9413600 | P7: 800
A8: 5 | B8: 500 | C8: 35 | D8: 90000 | E8: 65 | F8: 1250000 | G8: 95 | H8: 3600000 | I8: 125 | J8: 6600000 | L8: 61 to 80 | M8: 29550000 | N8: 700 | O8: 38963600 | P8: 1500
A9: 6 | B9: 600 | C9: 36 | D9: 95000 | E9: 66 | F9: 1300000 | G9: 96 | H9: 3700000 | I9: 126 | J9: 6700000 | L9: 81 to 85 | M9: 11500000 | N9: 800 | O9: 50463600 | P9: 2300
A10: 7 | B10: 700 | C10: 37 | D10: 110000 | E10: 67 | F10: 1350000 | G10: 97 | H10: 3800000 | I10: 127 | J10: 6800000 | L10: 86 to 90 | M10: 14000000 | N10: 800 | O10: 64463600 | P10: 3100
A11: 8 | B11: 800 | C11: 38 | D11: 120000 | E11: 68 | F11: 1400000 | G11: 98 | H11: 3900000 | I11: 128 | J11: 6900000 | L11: 91 to 95 | M11: 16500000 | N11: 800 | O11: 80963600 | P11: 3900
A12: 9 | B12: 1000 | C12: 39 | D12: 130000 | E12: 69 | F12: 1450000 | G12: 99 | H12: 4000000 | I12: 129 | J12: 7000000 | L12: 96 to 100 | M12: 19000000 | N12: 800 | O12: 99963600 | P12: 4700
A13: 10 | B13: 2000 | C13: 40 | D13: 190000 | E13: 70 | F13: 1500000 | G13: 100 | H13: 4100000 | I13: 130 | J13: 7100000 | L13: 101 to 105 | M13: 21500000 | N13: 1200 | O13: 121463600 | P13: 5900
A14: 11 | B14: 3000 | C14: 41 | D14: 200000 | E14: 71 | F14: 1550000 | G14: 101 | H14: 4200000 | I14: 131 | J14: 7200000 | L14: 106 to 110 | M14: 24000000 | N14: 1200 | O14: 145463600 | P14: 7100
A15: 12 | B15: 4000 | C15: 42 | D15: 210000 | E15: 72 | F15: 1600000 | G15: 102 | H15: 4300000 | I15: 132 | J15: 7300000 | L15: 111 to 115 | M15: 26500000 | N15: 1200 | O15: 171963600 | P15: 8300
... A20: 17 | B20: 9000 | C20: 47 | D20: 260000 | E20: 77 | F20: 1850000 | G20: 107 | H20: 4800000 | I20: 137 | J20: 7800000 | L20: 136 to 140 | M20: 39000000 | N20: 1600 | O20: 341963600 | P20: 15900
A21: 18 | B21: 10000 | C21: 48 | D21: 270000 | E21: 78 | F21: 1900000 | G21: 108 | H21: 4900000 | I21: 138 | J21: 7900000
A22: 19 | B22: 12000 | C22: 49 | D22: 280000 | E22: 79 | F22: 2000000 | G22: 109 | H22: 5000000 | I22: 139 | J22: 8000000
A23: 20 | B23: 14000 | C23: 50 | D23: 380000 | E23: 80 | F23: 2100000 | G23: 110 | H23: 5100000 | I23: 140 | J23: MAX
A24: 21 | B24: 16000 | C24: 51 | D24: 400000 | E24: 81 | F24: 2200000 | G24: 111 | H24: 5200000
A25: 22 | B25: 18000 | C25: 52 | D25: 450000 | E25: 82 | F25: 2300000 | G25: 112 | H25: 5300000
A26: 23 | B26: 20000 | C26: 53 | D26: 500000 | E26: 83 | F26: 2400000 | G26: 113 | H26: 5400000
A27: 24 | B27: 25000 | C27: 54 | D27: 550000 | E27: 84 | F27: 2500000 | G27: 114 | H27: 5500000
A28: 25 | B28: 30000 | C28: 55 | D28: 600000 | E28: 85 | F28: 2600000 | G28: 115 | H28: 5600000
A29: 26 | B29: 35000 | C29: 56 | D29: 650000 | E29: 86 | F29: 2700000 | G29: 116 | H29: 5700000
A30: 27 | B30: 40000 | C30: 57 | D30: 700000 | E30: 87 | F30: 2800000 | G30: 117 | H30: 5800000
A31: 28 | B31: 45000 | C31: 58 | D31: 750000 | E31: 88 | F31: 2900000 | G31: 118 | H31: 5900000
A32: 29 | B32: 50000 | C32: 59 | D32: 800000 | E32: 89 | F32: 3000000 | G32: 119 | H32: 6000000

Sheet Blueprints
A1: BLUEPRINTS
B2: Tier 1 | C2: Tier 2 | D2: Tier 3 | E2: Tier 4 | F2: Tier 5 | G2: Tier 6 | H2: Tier 7 | I2: Tier 8 | J2: Tier 9 | K2: Tier 10 | L2: Tier 11 | M2: Tier 12 | N2: Tier 13 | O2: Tier 14 | P2: Tier 15 | Q2: Tier 16 | R2: Tier 17 | S2: Tier 18 | T2: Tier 19 | U2: Tier 20 | V2: Tier 21
B3: 20 | C3: 90 | D3: 180 | E3: 390 | F3: 620 | G3: 1220 | H3: 1870 | I3: 2920 | J3: 4470 | K3: 6520 | L3: 8700 | M3: 9900 | N3: 11000 | O3: 13000 | P3: 15000 | Q3: 17000 | R3: 20000 | S3: 24000 | T3: 29000 | U3: 34000 | V3: 39000
B4: 30 | C4: 90 | D4: 200 | E4: 390 | F4: 670 | G4: 1220 | H4: 1970 | I4: 2920 | J4: 4670 | K4: 6520 | L4: 8700 | M4: 9900 | N4: 11000 | O4: 13000 | P4: 15000 | Q4: 17000 | R4: 20000 | S4: 24000 | T4: 29000 | U4: 34000 | V4: 39000
B5: 30 | C5: 100 | D5: 220 | E5: 410 | F5: 720 | G5: 1270 | H5: 2070 | I5: 3070 | J5: 4870 | K5: 6770 | L5: 8700 | M5: 9900 | N5: 11000 | O5: 13000 | P5: 15000 | Q5: 17000 | R5: 20000 | S5: 24000 | T5: 29000 | U5: 34000 | V5: 39000
B6: 40 | C6: 110 | D6: 240 | E6: 430 | F6: 770 | G6: 1320 | H6: 2170 | I6: 3220 | J6: 5070 | K6: 7020 | L6: 9000 | M6: 10000 | N6: 11600 | O6: 13000 | P6: 15000 | Q6: 18000 | R6: 21300 | S6: 26000 | T6: 30000 | U6: 35000 | V6: 40000
B7: 40 | C7: 110 | D7: 240 | E7: 430 | F7: 770 | G7: 1320 | H7: 2170 | I7: 3220 | J7: 5070 | K7: 7020 | L7: 9000 | M7: 10000 | N7: 11600 | O7: 13000 | P7: 15000 | Q7: 18000 | R7: 21300 | S7: 26000 | T7: 30000 | U7: 35000 | V7: 40000
B8: 50 | C8: 120 | D8: 260 | E8: 450 | F8: 820 | G8: 1370 | H8: 2270 | I8: 3370 | J8: 5270 | K8: 7270 | L8: 9000 | M8: 10000 | N8: 11600 | O8: 13000 | P8: 15000 | Q8: 18000 | R8: 21300 | S8: 26000 | T8: 30000 | U8: 35000 | V8: 40000
B9: 50 | C9: 120 | D9: 280 | E9: 470 | F9: 870 | G9: 1420 | H9: 2370 | I9: 3520 | J9: 5470 | K9: 7520 | L9: 9300 | M9: 11000 | N9: 12000 | O9: 14000 | P9: 16000 | Q9: 19000 | R9: 22000 | S9: 27000 | T9: 32000 | U9: 36000 | V9: 41000
B10: 60 | C10: 130 | D10: 300 | E10: 490 | F10: 920 | G10: 1470 | H10: 2470 | I10: 3670 | J10: 5670 | K10: 7520 | L10: 9300 | M10: 11000 | N10: 12000 | O10: 14000 | P10: 16000 | Q10: 19000 | R10: 22000 | S10: 27000 | T10: 32000 | U10: 36000 | V10: 41000
B11: 80 | C11: 140 | D11: 300 | E11: 490 | F11: 920 | G11: 1470 | H11: 2470 | I11: 3670 | J11: 5670 | K11: 7770 | L11: 9300 | M11: 11000 | N11: 12000 | O11: 14000 | P11: 16000 | Q11: 19000 | R11: 22000 | S11: 27000 | T11: 32000 | U11: 36000 | V11: 41000
C12: 170 | D12: 320 | E12: 510 | F12: 970 | G12: 1520 | H12: 2570 | I12: 3820 | J12: 5870 | K12: 8020 | L12: 9600 | M12: 11000 | N12: 12000 | O12: 14000 | P12: 17000 | Q12: 20000 | R12: 23000 | S12: 28000 | T12: 33000 | U12: 38000 | V12: 42000
D13: 340 | E13: 530 | F13: 1020 | G13: 1570 | H13: 2670 | I13: 3970 | J13: 6070 | K13: 8470 | L13: 9600 | M13: 11000 | N13: 12000 | O13: 14000 | P13: 17000 | Q13: 20000 | R13: 23000 | S13: 28000 | T13: 33000 | U13: 38000 | V13: 42000
D14: 360 | E14: 530 | F14: 1070 | G14: 1570 | H14: 2770 | I14: 3970 | J14: 6270 | L14: 9600 | M14: 11000 | N14: 12000 | O14: 14000 | P14: 17000 | Q14: 20000 | R14: 23000 | S14: 28000 | T14: 33000 | U14: 38000 | V14: 42000
D15: 370 | E15: 550 | F15: 1170 | G15: 1620 | I15: 4120
E16: 570 | G16: 1670 | I16: 4270
E17: 570 | G17: 1770
A18: Total | B18: =SUM(B3:B17) -> 400 | C18: =SUM(C3:C17) -> 1180 | D18: =SUM(D3:D17) -> 3610 | E18: =SUM(E3:E17) -> 7210 | F18: =SUM(F3:F17) -> 11310 | G18: =SUM(G3:G17) -> 21800 | H18: =SUM(H3:H17) -> 27840 | I18: =SUM(I3:I17) -> 49730 | ... V18: =SUM(V3:V17) -> 486000
A20: MASTER BLUEPRINTS - GROUP BATTLE
B21: Hit Song | C21: Artist Training | D21: Gold Bar | E21: Adv Supply | F21: Concert Promo | G21: Stadium Live | H21: Group Strat | I21: Talent Scout | J21: Ace Prod. | K21: Fan Oper. | L21: Elimin. | M21: Prime Supply
A22: 0 | B22: 50 | C22: 50 | D22: 50 | E22: 100 | F22: 100 | G22: 100 | H22: 200 | I22: 200 | J22: 200 | K22: 200 | L22: 200 | M22: 500
A23: 1 | B23: 50 | C23: 50 | D23: 50
A24: 2
A25: 3
A26: 4
A27: 5
A28: 6
A29: 7
A30: 8 | B30: 200 | C30: 200 | D30: 200
A31: 9 | B31: 350 | C31: 350 | D31: 350
A32: Total | B32: =SUM(B22:B31) -> 650 | C32: =SUM(C22:C31) -> 650 | D32: =SUM(D22:D31) -> 650 | E32: =SUM(E22:E31) -> 100 | F32: =SUM(F22:F31) -> 100 | G32: =SUM(G22:G31) -> 100 | H32: =SUM(H22:H31) -> 200 | I32: =SUM(I22:I31) -> 200 | ... M32: =SUM(M22:M31) -> 500
A34: MASTER BLUEPRINTS - EXPANSION
B35: Mkt Master | C35: Hiphop Sing | D35: Hiphop Dance | E35: R&B Sing | F35: R&B Dance | G35: Rock Sing | H35: Rock Dance | I35: EDM Sing | J35: EDM Dance | K35: Pop Sing | L35: Pop Dance | M35: Fan Cap | N35: Quiet Toil | O35: Highl. Momen | P35: Mkt Master | Q35: Rally Cap
A36: 0 | B36: 100 | C36: 200 | D36: 200 | E36: 200 | F36: 200 | G36: 200 | H36: 200 | I36: 200 | J36: 200 | K36: 200 | L36: 200 | M36: 1500 | N36: 2000 | O36: 2000 | P36: 2000 | Q36: 2000
A37: 1 | B37: 200 | C37: 400 | D37: 400 | E37: 400 | F37: 400 | G37: 400 | H37: 400 | I37: 400 | J37: 400 | K37: 400 | L37: 400
A38: 2 | C38: 600 | D38: 600 | E38: 600 | F38: 600 | G38: 600 | H38: 600 | I38: 600 | J38: 600 | K38: 600 | L38: 600
A39: 3
A40: 4
A41: 5 | B41: 500
A42: 6
A43: 7
A44: 8
A45: 9
A46: Total | B46: =SUM(B36:B45) -> 800 | C46: =SUM(C36:C45) -> 1200 | D46: =SUM(D36:D45) -> 1200 | E46: =SUM(E36:E45) -> 1200 | F46: =SUM(F36:F45) -> 1200 | G46: =SUM(G36:G45) -> 1200 | H46: =SUM(H36:H45) -> 1200 | I46: =SUM(I36:I45) -> 1200 | ... Q46: =SUM(Q36:Q45) -> 2000

Sheet Others
A1: HQ Building Cards | E1: Business Building Gold
A2: Level | B2: Cards | C2: Accum. | E2: Level | F2: Gold | G2: Gold Accum.
A3: 1 | B3: 2 | C3: 2 | E3: 1 | F3: 100 | G3: 100
A4: 2 | B4: 20 | C4: 22 | E4: 2 | F4: 10000 | G4: 10100
A5: 3 | B5: 100 | C5: 122 | E5: 3 | F5: 50000 | G5: 60100
A6: 4 | B6: 200 | C6: 322 | E6: 4 | F6: 100000 | G6: 160100
A7: 5 | B7: 400 | C7: 722 | E7: 5 | F7: 200000 | G7: 360100
A8: 6 | B8: 800 | C8: 1522 | E8: 6 | F8: 400000 | G8: 760100
A9: 7 | B9: 1400 | C9: 2922 | E9: 7 | F9: 700000 | G9: 1460100
A10: 8 | B10: 2000 | C10: 4922 | E10: 8 | F10: 1000000 | G10: 2460100
A11: 9 | B11: 2600 | C11: 7522 | E11: 9 | F11: 1300000 | G11: 3760100
A12: 10 | B12: 3200 | C12: 10722 | E12: 10 | F12: 1600000 | G12: 5360100
A13: 11 | B13: 3600 | C13: 14322 | E13: 11 | F13: 1800000 | G13: 7160100
A14: 12 | B14: 4000 | C14: 18322 | E14: 12 | F14: 2000000 | G14: 9160100
... A16: 14 | B16: 6000 | C16: 29922 | E16: 14 | F16: 3000000 | G16: 14860100
A17: 15 | B17: MAX | E17: 15 | F17: MAX

Sheet Tables
A1: HQ GLASS | D1: GEMS | G1: CAR PARTS | L1: VILLA | T1: Floor 1 | V1: F2 | X1: F3 | Z1: F4 | AB1: F5 | AD1: Room 1 | AF1: R2 | AH1: R3 | AJ1: R4 | AL1: R5 | AN1: D Grade | AP1: C | AR1: B | AT1: A | AV1: A+ | AX1: Tier 1 | AZ1: T2 | BB1: T3 | BD1: T4 | BF1: T5 | BI1: Floor 1 | BK1: F2 | BM1: F3 | BO1: F4 | BQ1: F5 | BT1: Room 1 | BV1: R2 | BX1: R3 | BZ1: R4 | CB1: R5 | CE1: D Grade | CG1: C | CI1: B | CK1: A | CM1: A+ | CP1: Tier 1 | CR1: T2 | CT1: T3 | CV1: T4 | CX1: T5 | CZ1: ARTIST | DE1: ASSETS | DS1: Assets Acum
A2: Level | B2: Glass | C2: Glass Ac | D2: Level | E2: Gems | F2: Gems Ac | G2: Rank | H2: All 04 Parts | I2: Parts Ac | J2: Drawings | K2: Draw Acum | L2: Villa | M2: Droids | N2: D Acum | O2: Drafts | P2: Drafts Ac | Q2: RANKS | R2: TIERS | S2: Level | T2: Wood | U2: Steel | V2: Wood | W2: Steel | X2: Wood | Y2: Steel | Z2: HQ Wood | AA2: HQ Steel | AB2: HQ Wood | AC2: HQ Steel | AD2: Sandstone | AE2: Tile | AF2: Sandstone | AG2: Tile | AH2: Sandstone | AI2: Tile | AJ2: HQ Sandstone | AK2: HQ Tile | AL2: HQ Sandstone | AM2: HQ Tile | AN2: Plug | AO2: Coil | AP2: Plug | AQ2: Coil | AR2: Plug | AS2: Coil | AT2: Enhanced Plug | AU2: Enhanced Coil | AV2: Enhanced Plug | AW2: Enhanced Coil | AX2: Coins | AY2: Keys | AZ2: Coins | BA2: Keys | BB2: Coins | BC2: Keys | BD2: HQ Coins | BE2: HQ Keys | BF2: HQ Coins | BG2: HQ Keys | BH2: Level | BI2: Wood | BJ2: Steel | BK2: Wood | BL2: Steel | BM2: Wood | BN2: Steel | BO2: HQ Wood | BP2: HQ Steel | BQ2: HQ Wood | BR2: HQ Steel | BS2: Level | BT2: Sandstone | BU2: Tile | BV2: Sandstone | BW2: Tile | BX2: Sandstone | BY2: Tile | BZ2: HQ Sandstone | CA2: HQ Tile | CB2: HQ Sandstone | CC2: HQ Tile | CD2: Level | CE2: Plug | CF2: Coil | CG2: Plug | CH2: Coil | CI2: Plug | CJ2: Coil | CK2: Enhanced Plug | CL2: Enhanced Coil | CM2: Enhanced Plug | CN2: Enhanced Coil | CO2: Level | CP2: Coins | CQ2: Keys | CR2: Coins | CS2: Keys | CT2: Coins | CU2: Keys | CV2: HQ Coins | CW2: HQ Keys | CX2: HQ Coins | CY2: HQ Keys | CZ2: LEVEL | DA2: EXP CARD | DB2: EXP ACUM | DC2: PROM CARDS | DD2: PROM ACUM | DE2: Type | DF2: Source | DG2: Num | DH2: Level | DI2: Jewelry | DJ2: Car | DK2: Property | DL2: Level | DM2: Jewelry | DN2: Car | DO2: Property | DP2: Level | DQ2: Car | DR2: Property | DS2: Level | DT2: Jewelry | DU2: Car | DV2: Property | DW2: Jewelry | DX2: Car | DY2: Property | DZ2: Jewelry | EA2: Car | EB2: Property | EC2: Level | ED2: Sacrif | EE2: Sacrif Ac
A3: 0 | B3: 0 | C3: 0 | D3: 0 | E3: 0 | F3: 0 | G3: A0 | H3: 0 | I3: 0 | J3: 0 | K3: 0 | L3: Classic Villa-0 | M3: 0 | N3: 0 | O3: 0 | P3: 0 | Q3: D | R3: 1 | S3: 0 | T3: 0 | U3: 0 | V3: 0 | W3: 0 | X3: 0 | Y3: 0 | Z3: 0 | AA3: 0 | AB3: 0 | AC3: 0 | AD3: 0 | AE3: 0 | AF3: 0 | AG3: 0 | AH3: 0 | AI3: 0 | AJ3: 0 | AK3: 0 | AL3: 0 | AM3: 0 | AN3: 0 | AO3: 0 | AP3: 0 | AQ3: 0 | AR3: 0 | AS3: 0 | AT3: 0 | AU3: 0 | AV3: 0 | AW3: 0 | AX3: 0 | AY3: 0 | AZ3: 0 | BA3: 0 | BB3: 0 | BC3: 0 | BD3: 0 | BE3: 0 | BF3: 0 | BG3: 0 | BH3: 0 | BI3: =T3 -> 0 | BJ3: =U3 -> 0 | BK3: =V3 -> 0 | BL3: =W3 -> 0 | BM3: =X3 -> 0 | BN3: =Y3 -> 0 | BO3: =Z3 -> 0 | BP3: =AA3 -> 0 | ... BR3: =AC3 -> 0 | BS3: 0 | BT3: =AD3 -> 0 | BU3: =AE3 -> 0 | BV3: =AF3 -> 0 | BW3: =AG3 -> 0 | BX3: =AH3 -> 0 | BY3: =AI3 -> 0 | BZ3: =AJ3 -> 0 | CA3: =AK3 -> 0 | ... CC3: =AM3 -> 0 | CD3: 0 | CE3: =AN3 -> 0 | CF3: =AO3 -> 0 | CG3: =AP3 -> 0 | CH3: =AQ3 -> 0 | CI3: =AR3 -> 0 | CJ3: =AS3 -> 0 | CK3: =AT3 -> 0 | CL3: =AU3 -> 0 | ... CN3: =AW3 -> 0 | CO3: 0 | CP3: =AX3 -> 0 | CQ3: =AY3 -> 0 | CR3: =AZ3 -> 0 | CS3: =BA3 -> 0 | CT3: =BB3 -> 0 | CU3: =BC3 -> 0 | CV3: =BD3 -> 0 | CW3: =BE3 -> 0 | ... CY3: =BG3 -> 0 | CZ3: 0 | DA3: 0 | DB3: 0 | DC3: 0 | DD3: 0 | DE3: Jewelry | DF3: Standard | DG3: 1 | DH3: 0 | DI3: 0 | DJ3: 0 | DK3: 0 | DL3: 0 | DM3: 0 | DN3: 0 | DO3: 0 | DP3: 0 | DQ3: 0 | DR3: 0 | DS3: 0 | DT3: 0 | DU3: 0 | DV3: 0 | DW3: 0 | DX3: 0 | DY3: 0 | DZ3: 0 | EA3: 0 | EB3: 0 | EC3: 0 | ED3: 0 | EE3: 0 | EG3: source | EH3: type | EI3: colum
A4: 1 | B4: 5 | C4: =C3+B4 -> 5 | D4: 1 | E4: 5 | F4: =F3+E4 -> 5 | G4: B0 | H4: 40 | I4: =H4+I3 -> 40 | J4: 4 | K4: =J4+K3 -> 4 | L4: Elite Villa-0 | M4: 1000 | N4: =M4 -> 1000 | O4: 200 | P4: =O4 -> 200 | Q4: C | R4: 2 | S4: 1 | T4: 1 | U4: 0 | V4: 4 | W4: 0 | X4: 20 | Y4: 0 | Z4: 1 | AA4: 0 | AB4: 5 | AC4: 0 | AD4: 1 | AE4: 0 | AF4: 5 | AG4: 0 | AH4: 25 | AI4: 0 | AJ4: 1 | AK4: 0 | AL4: 5 | AM4: 0 | AN4: 1 | AO4: 0 | AP4: 5 | AQ4: 0 | AR4: 25 | AS4: 0 | AT4: 1 | AU4: 0 | AV4: 5 | AW4: 0 | AX4: 1 | AY4: 0 | AZ4: 5 | BA4: 0 | BB4: 25 | BC4: 0 | BD4: 1 | BE4: 0 | BF4: =BD4*5 -> 5 | BG4: =BE4*5 -> 0 | BH4: 1 | BI4: =BI3+T4 -> 1 | BJ4: =BJ3+U4 -> 0 | BK4: =BK3+V4 -> 4 | BL4: =BL3+W4 -> 0 | BM4: =BM3+X4 -> 20 | BN4: =BN3+Y4 -> 0 | BO4: =BO3+Z4 -> 1 | BP4: =BP3+AA4 -> 0 | ... BR4: =BR3+AC4 -> 0 | BS4: 1 | BT4: =BT3+AD4 -> 1 | BU4: =BU3+AE4 -> 0 | BV4: =BV3+AF4 -> 5 | BW4: =BW3+AG4 -> 0 | BX4: =BX3+AH4 -> 25 | BY4: =BY3+AI4 -> 0 | BZ4: =BZ3+AJ4 -> 1 | CA4: =CA3+AK4 -> 0 | ... CC4: =CC3+AM4 -> 0 | CD4: 1 | CE4: =CE3+AN4 -> 1 | CF4: =CF3+AO4 -> 0 | CG4: =CG3+AP4 -> 5 | CH4: =CH3+AQ4 -> 0 | CI4: =CI3+AR4 -> 25 | CJ4: =CJ3+AS4 -> 0 | CK4: =CK3+AT4 -> 1 | CL4: =CL3+AU4 -> 0 | ... CN4: =CN3+AW4 -> 0 | CO4: 1 | CP4: =CP3+AX4 -> 1 | CQ4: =CQ3+AY4 -> 0 | CR4: =CR3+AZ4 -> 5 | CS4: =CS3+BA4 -> 0 | CT4: =CT3+BB4 -> 25 | CU4: =CU3+BC4 -> 0 | CV4: =CV3+BD4 -> 1 | CW4: =CW3+BE4 -> 0 | ... CY4: =CY3+BG4 -> 0 | CZ4: 1 | DA4: 100 | DB4: =DA4+DB3 -> 100 | DD4: =DC4+DD3 -> 0 | DE4: Car | DF4: Abroad | DG4: 2 | DH4: 1 | DI4: 500 | DJ4: 1000 | DK4: 2000 | DL4: 1 | DM4: 1000 | DN4: 1500 | DO4: 3000 | DP4: 1 | DQ4: 2000 | DR4: 4000 | DS4: 1 | DT4: =DI4+DT3 -> 500 | DU4: =DJ4+DU3 -> 1000 | DV4: =DK4+DV3 -> 2000 | DW4: =DM4+DW3 -> 1000 | DX4: =DN4+DX3 -> 1500 | DY4: =DO4+DY3 -> 3000 | DZ4: 0 | EA4: =DQ4+EA3 -> 2000 | EB4: =DR4+EB3 -> 4000 | EC4: 1 | EE4: =ED4+EE3 -> 0 | EG4: 1 | EH4: 1 | EI4: 2 | EJ4: =(EG4-1)*3+1+EH4 -> 2
A5: 2 | B5: 10 | C5: =C4+B5 -> 15 | D5: 2 | E5: 22 | F5: =F4+E5 -> 27 | G5: B1 | H5: 280 | I5: =H5+I4 -> 320 | J5: 20 | K5: =J5+K4 -> 24 | L5: Prestige Villa-0 | M5: 4000 | N5: =M5+N4 -> 5000 | O5: 400 | P5: =O5+P4 -> 600 | Q5: B | R5: 3 | S5: 2 | T5: 2 | U5: 0 | V5: 8 | W5: 0 | X5: 40 | Y5: 0 | Z5: 2 | AA5: 0 | AB5: 10 | AC5: 0 | AD5: 2 | AE5: 0 | AF5: 10 | AG5: 0 | AH5: 50 | AI5: 0 | AJ5: 2 | AK5: 0 | AL5: =AJ5*5 -> 10 | AM5: =AK5*5 -> 0 | AN5: 2 | AO5: 0 | AP5: 10 | AQ5: 0 | AR5: 50 | AS5: 0 | AT5: 2 | AU5: 0 | AV5: 10 | AW5: 0 | AX5: 2 | AY5: 0 | AZ5: 10 | BA5: 0 | BB5: 50 | BC5: 0 | BD5: 2 | BE5: 0 | BF5: =BD5*5 -> 10 | BG5: =BE5*5 -> 0 | BH5: 2 | BI5: =BI4+T5 -> 3 | BJ5: =BJ4+U5 -> 0 | BK5: =BK4+V5 -> 12 | BL5: =BL4+W5 -> 0 | BM5: =BM4+X5 -> 60 | BN5: =BN4+Y5 -> 0 | BO5: =BO4+Z5 -> 3 | BP5: =BP4+AA5 -> 0 | ... BR5: =BR4+AC5 -> 0 | BS5: 2 | BT5: =BT4+AD5 -> 3 | BU5: =BU4+AE5 -> 0 | BV5: =BV4+AF5 -> 15 | BW5: =BW4+AG5 -> 0 | BX5: =BX4+AH5 -> 75 | BY5: =BY4+AI5 -> 0 | BZ5: =BZ4+AJ5 -> 3 | CA5: =CA4+AK5 -> 0 | ... CC5: =CC4+AM5 -> 0 | CD5: 2 | CE5: =CE4+AN5 -> 3 | CF5: =CF4+AO5 -> 0 | CG5: =CG4+AP5 -> 15 | CH5: =CH4+AQ5 -> 0 | CI5: =CI4+AR5 -> 75 | CJ5: =CJ4+AS5 -> 0 | CK5: =CK4+AT5 -> 3 | CL5: =CL4+AU5 -> 0 | ... CN5: =CN4+AW5 -> 0 | CO5: 2 | CP5: =CP4+AX5 -> 3 | CQ5: =CQ4+AY5 -> 0 | CR5: =CR4+AZ5 -> 15 | CS5: =CS4+BA5 -> 0 | CT5: =CT4+BB5 -> 75 | CU5: =CU4+BC5 -> 0 | CV5: =CV4+BD5 -> 3 | CW5: =CW4+BE5 -> 0 | ... CY5: =CY4+BG5 -> 0 | CZ5: 2 | DA5: 200 | DB5: =DA5+DB4 -> 300 | DD5: =DC5+DD4 -> 0 | DE5: Property | DF5: Auction | DG5: 3 | DH5: 2 | DI5: 750 | DJ5: 1500 | DK5: 3000 | DL5: 2 | DM5: 1500 | DN5: 2250 | DO5: 4500 | DP5: 2 | DQ5: 3000 | DR5: 6000 | DS5: 2 | DT5: =DI5+DT4 -> 1250 | DU5: =DJ5+DU4 -> 2500 | DV5: =DK5+DV4 -> 5000 | DW5: =DM5+DW4 -> 2500 | DX5: =DN5+DX4 -> 3750 | DY5: =DO5+DY4 -> 7500 | DZ5: 0 | EA5: =DQ5+EA4 -> 5000 | EB5: =DR5+EB4 -> 10000 | EC5: 2 | EE5: =ED5+EE4 -> 0 | EG5: 1 | EH5: 2 | EI5: 3 | EJ5: =(EG5-1)*3+1+EH5 -> 3
A6: 3 | B6: 15 | C6: =C5+B6 -> 30 | D6: 3 | E6: 45 | F6: =F5+E6 -> 72 | G6: C0 | H6: 880 | I6: =H6+I5 -> 1200 | J6: 80 | K6: =J6+K5 -> 104 | L6: Prestige Villa-1 | M6: 20000 | N6: =M6+N5 -> 25000 | O6: 600 | P6: =O6+P5 -> 1200 | Q6: A | R6: 4 | S6: 3 | T6: 2 | U6: 0 | V6: 8 | W6: 0 | X6: 40 | Y6: 0 | Z6: 2 | AA6: 0 | AB6: 10 | AC6: 0 | AD6: 2 | AE6: 0 | AF6: 10 | AG6: 0 | AH6: 50 | AI6: 0 | AJ6: 2 | AK6: 0 | AL6: =AJ6*5 -> 10 | AM6: =AK6*5 -> 0 | AN6: 2 | AO6: 0 | AP6: 10 | AQ6: 0 | AR6: 50 | AS6: 0 | AT6: 2 | AU6: 0 | AV6: 10 | AW6: 0 | AX6: 2 | AY6: 0 | AZ6: 10 | BA6: 0 | BB6: 50 | BC6: 0 | BD6: 2 | BE6: 0 | BF6: =BD6*5 -> 10 | BG6: =BE6*5 -> 0 | BH6: 3 | BI6: =BI5+T6 -> 5 | BJ6: =BJ5+U6 -> 0 | BK6: =BK5+V6 -> 20 | BL6: =BL5+W6 -> 0 | BM6: =BM5+X6 -> 100 | BN6: =BN5+Y6 -> 0 | BO6: =BO5+Z6 -> 5 | BP6: =BP5+AA6 -> 0 | ... BR6: =BR5+AC6 -> 0 | BS6: 3 | BT6: =BT5+AD6 -> 5 | BU6: =BU5+AE6 -> 0 | BV6: =BV5+AF6 -> 25 | BW6: =BW5+AG6 -> 0 | BX6: =BX5+AH6 -> 125 | BY6: =BY5+AI6 -> 0 | BZ6: =BZ5+AJ6 -> 5 | CA6: =CA5+AK6 -> 0 | ... CC6: =CC5+AM6 -> 0 | CD6: 3 | CE6: =CE5+AN6 -> 5 | CF6: =CF5+AO6 -> 0 | CG6: =CG5+AP6 -> 25 | CH6: =CH5+AQ6 -> 0 | CI6: =CI5+AR6 -> 125 | CJ6: =CJ5+AS6 -> 0 | CK6: =CK5+AT6 -> 5 | CL6: =CL5+AU6 -> 0 | ... CN6: =CN5+AW6 -> 0 | CO6: 3 | CP6: =CP5+AX6 -> 5 | CQ6: =CQ5+AY6 -> 0 | CR6: =CR5+AZ6 -> 25 | CS6: =CS5+BA6 -> 0 | CT6: =CT5+BB6 -> 125 | CU6: =CU5+BC6 -> 0 | CV6: =CV5+BD6 -> 5 | CW6: =CW5+BE6 -> 0 | ... CY6: =CY5+BG6 -> 0 | CZ6: 3 | DA6: 300 | DB6: =DA6+DB5 -> 600 | DD6: =DC6+DD5 -> 0 | DH6: 3 | DI6: 1000 | DJ6: 2000 | DK6: 4000 | DL6: 3 | DM6: 2000 | DN6: 3000 | DO6: 6000 | DP6: 3 | DQ6: 4000 | DR6: 8000 | DS6: 3 | DT6: =DI6+DT5 -> 2250 | DU6: =DJ6+DU5 -> 4500 | DV6: =DK6+DV5 -> 9000 | DW6: =DM6+DW5 -> 4500 | DX6: =DN6+DX5 -> 6750 | DY6: =DO6+DY5 -> 13500 | DZ6: 0 | EA6: =DQ6+EA5 -> 9000 | EB6: =DR6+EB5 -> 18000 | EC6: 3 | EE6: =ED6+EE5 -> 0 | EG6: 1 | EH6: 3 | EI6: 4 | EJ6: =(EG6-1)*3+1+EH6 -> 4
A7: 4 | B7: 20 | C7: =C6+B7 -> 50 | D7: 4 | E7: 75 | F7: =F6+E7 -> 147 | G7: C1 | H7: 3120 | I7: =H7+I6 -> 4320 | J7: 200 | K7: =J7+K6 -> 304 | L7: Luxury Villa-0 | M7: 20000 | N7: =M7+N6 -> 45000 | O7: 600 | P7: =O7+P6 -> 1800 | Q7: A+ | R7: 5 | S7: 4 | T7: 2 | U7: 0 | V7: 8 | W7: 0 | X7: 40 | Y7: 0 | Z7: 2 | AA7: 0 | AB7: 10 | AC7: 0 | AD7: 2 | AE7: 0 | AF7: 12 | AG7: 0 | AH7: 60 | AI7: 0 | AJ7: 2 | AK7: 0 | AL7: =AJ7*5 -> 10 | AM7: =AK7*5 -> 0 | AN7: 2 | AO7: 0 | AP7: 10 | AQ7: 0 | AR7: 50 | AS7: 0 | AT7: 2 | AU7: 0 | AV7: 10 | AW7: 0 | AX7: 2 | AY7: 0 | AZ7: 10 | BA7: 0 | BB7: 50 | BC7: 0 | BD7: 2 | BE7: 0 | BF7: =BD7*5 -> 10 | BG7: =BE7*5 -> 0 | BH7: 4 | BI7: =BI6+T7 -> 7 | BJ7: =BJ6+U7 -> 0 | BK7: =BK6+V7 -> 28 | BL7: =BL6+W7 -> 0 | BM7: =BM6+X7 -> 140 | BN7: =BN6+Y7 -> 0 | BO7: =BO6+Z7 -> 7 | BP7: =BP6+AA7 -> 0 | ... BR7: =BR6+AC7 -> 0 | BS7: 4 | BT7: =BT6+AD7 -> 7 | BU7: =BU6+AE7 -> 0 | BV7: =BV6+AF7 -> 37 | BW7: =BW6+AG7 -> 0 | BX7: =BX6+AH7 -> 185 | BY7: =BY6+AI7 -> 0 | BZ7: =BZ6+AJ7 -> 7 | CA7: =CA6+AK7 -> 0 | ... CC7: =CC6+AM7 -> 0 | CD7: 4 | CE7: =CE6+AN7 -> 7 | CF7: =CF6+AO7 -> 0 | CG7: =CG6+AP7 -> 35 | CH7: =CH6+AQ7 -> 0 | CI7: =CI6+AR7 -> 175 | CJ7: =CJ6+AS7 -> 0 | CK7: =CK6+AT7 -> 7 | CL7: =CL6+AU7 -> 0 | ... CN7: =CN6+AW7 -> 0 | CO7: 4 | CP7: =CP6+AX7 -> 7 | CQ7: =CQ6+AY7 -> 0 | CR7: =CR6+AZ7 -> 35 | CS7: =CS6+BA7 -> 0 | CT7: =CT6+BB7 -> 175 | CU7: =CU6+BC7 -> 0 | CV7: =CV6+BD7 -> 7 | CW7: =CW6+BE7 -> 0 | ... CY7: =CY6+BG7 -> 0 | CZ7: 4 | DA7: 400 | DB7: =DA7+DB6 -> 1000 | DD7: =DC7+DD6 -> 0 | DH7: 4 | DI7: 1250 | DJ7: 2500 | DK7: 5000 | DL7: 4 | DM7: 2500 | DN7: 3750 | DO7: 7500 | DP7: 4 | DQ7: 5000 | DR7: 10000 | DS7: 4 | DT7: =DI7+DT6 -> 3500 | DU7: =DJ7+DU6 -> 7000 | DV7: =DK7+DV6 -> 14000 | DW7: =DM7+DW6 -> 7000 | DX7: =DN7+DX6 -> 10500 | DY7: =DO7+DY6 -> 21000 | DZ7: 0 | EA7: =DQ7+EA6 -> 14000 | EB7: =DR7+EB6 -> 28000 | EC7: 4 | EE7: =ED7+EE6 -> 0 | EG7: 2 | EH7: 1 | EI7: 5 | EJ7: =(EG7-1)*3+1+EH7 -> 5
A8: 5 | B8: 25 | C8: =C7+B8 -> 75 | D8: 5 | E8: 112 | F8: =F7+E8 -> 259 | G8: C2 | H8: 3840 | I8: =H8+I7 -> 8160 | J8: 500 | K8: =J8+K7 -> 804 | L8: Luxury Villa-1 | M8: 40000 | N8: =M8+N7 -> 85000 | O8: 1000 | P8: =O8+P7 -> 2800 | S8: 5 | T8: 2 | U8: 0 | V8: 8 | W8: 0 | X8: 40 | Y8: 0 | Z8: 2 | AA8: 0 | AB8: 10 | AC8: 0 | AD8: 3 | AE8: 0 | AF8: 12 | AG8: 0 | AH8: 60 | AI8: 0 | AJ8: 3 | AK8: 0 | AL8: =AJ8*5 -> 15 | AM8: =AK8*5 -> 0 | AN8: 3 | AO8: 0 | AP8: 15 | AQ8: 0 | AR8: 75 | AS8: 0 | AT8: 3 | AU8: 0 | AV8: 15 | AW8: 0 | AX8: 3 | AY8: 0 | AZ8: 15 | BA8: 0 | BB8: 75 | BC8: 0 | BD8: 3 | BE8: 0 | BF8: =BD8*5 -> 15 | BG8: =BE8*5 -> 0 | BH8: 5 | BI8: =BI7+T8 -> 9 | BJ8: =BJ7+U8 -> 0 | BK8: =BK7+V8 -> 36 | BL8: =BL7+W8 -> 0 | BM8: =BM7+X8 -> 180 | BN8: =BN7+Y8 -> 0 | BO8: =BO7+Z8 -> 9 | BP8: =BP7+AA8 -> 0 | ... BR8: =BR7+AC8 -> 0 | BS8: 5 | BT8: =BT7+AD8 -> 10 | BU8: =BU7+AE8 -> 0 | BV8: =BV7+AF8 -> 49 | BW8: =BW7+AG8 -> 0 | BX8: =BX7+AH8 -> 245 | BY8: =BY7+AI8 -> 0 | BZ8: =BZ7+AJ8 -> 10 | CA8: =CA7+AK8 -> 0 | ... CC8: =CC7+AM8 -> 0 | CD8: 5 | CE8: =CE7+AN8 -> 10 | CF8: =CF7+AO8 -> 0 | CG8: =CG7+AP8 -> 50 | CH8: =CH7+AQ8 -> 0 | CI8: =CI7+AR8 -> 250 | CJ8: =CJ7+AS8 -> 0 | CK8: =CK7+AT8 -> 10 | CL8: =CL7+AU8 -> 0 | ... CN8: =CN7+AW8 -> 0 | CO8: 5 | CP8: =CP7+AX8 -> 10 | CQ8: =CQ7+AY8 -> 0 | CR8: =CR7+AZ8 -> 50 | CS8: =CS7+BA8 -> 0 | CT8: =CT7+BB8 -> 250 | CU8: =CU7+BC8 -> 0 | CV8: =CV7+BD8 -> 10 | CW8: =CW7+BE8 -> 0 | ... CY8: =CY7+BG8 -> 0 | CZ8: 5 | DA8: 500 | DB8: =DA8+DB7 -> 1500 | DD8: =DC8+DD7 -> 0 | DH8: 5 | DI8: 1500 | DJ8: 3000 | DK8: 6000 | DL8: 5 | DM8: 3000 | DN8: 4500 | DO8: 9000 | DP8: 5 | DQ8: 6000 | DR8: 12000 | DS8: 5 | DT8: =DI8+DT7 -> 5000 | DU8: =DJ8+DU7 -> 10000 | DV8: =DK8+DV7 -> 20000 | DW8: =DM8+DW7 -> 10000 | DX8: =DN8+DX7 -> 15000 | DY8: =DO8+DY7 -> 30000 | DZ8: 0 | EA8: =DQ8+EA7 -> 20000 | EB8: =DR8+EB7 -> 40000 | EC8: 5 | EE8: =ED8+EE7 -> 0 | EG8: 2 | EH8: 2 | EI8: 6 | EJ8: =(EG8-1)*3+1+EH8 -> 6
A9: 6 | B9: 30 | C9: =C8+B9 -> 105 | D9: 6 | E9: 156 | F9: =F8+E9 -> 415 | G9: D0 | H9: 4560 | I9: =H9+I8 -> 12720 | J9: 1000 | K9: =J9+K8 -> 1804 | L9: Luxury Villa-2 | M9: 40000 | N9: =M9+N8 -> 125000 | O9: 1000 | P9: =O9+P8 -> 3800 | S9: 6 | T9: 3 | U9: 0 | V9: 12 | W9: 0 | X9: 60 | Y9: 0 | Z9: 2 | AA9: 0 | AB9: 10 | AC9: 0 | AD9: 4 | AE9: 0 | AF9: 16 | AG9: 0 | AH9: 80 | AI9: 0 | AJ9: 3 | AK9: 0 | AL9: =AJ9*5 -> 15 | AM9: =AK9*5 -> 0 | AN9: 4 | AO9: 0 | AP9: 20 | AQ9: 0 | AR9: 100 | AS9: 0 | AT9: 4 | AU9: 0 | AV9: 20 | AW9: 0 | AX9: 4 | AY9: 0 | AZ9: 20 | BA9: 0 | BB9: 100 | BC9: 0 | BD9: 4 | BE9: 0 | BF9: =BD9*5 -> 20 | BG9: =BE9*5 -> 0 | BH9: 6 | BI9: =BI8+T9 -> 12 | BJ9: =BJ8+U9 -> 0 | BK9: =BK8+V9 -> 48 | BL9: =BL8+W9 -> 0 | BM9: =BM8+X9 -> 240 | BN9: =BN8+Y9 -> 0 | BO9: =BO8+Z9 -> 11 | BP9: =BP8+AA9 -> 0 | ... BR9: =BR8+AC9 -> 0 | BS9: 6 | BT9: =BT8+AD9 -> 14 | BU9: =BU8+AE9 -> 0 | BV9: =BV8+AF9 -> 65 | BW9: =BW8+AG9 -> 0 | BX9: =BX8+AH9 -> 325 | BY9: =BY8+AI9 -> 0 | BZ9: =BZ8+AJ9 -> 13 | CA9: =CA8+AK9 -> 0 | ... CC9: =CC8+AM9 -> 0 | CD9: 6 | CE9: =CE8+AN9 -> 14 | CF9: =CF8+AO9 -> 0 | CG9: =CG8+AP9 -> 70 | CH9: =CH8+AQ9 -> 0 | CI9: =CI8+AR9 -> 350 | CJ9: =CJ8+AS9 -> 0 | CK9: =CK8+AT9 -> 14 | CL9: =CL8+AU9 -> 0 | ... CN9: =CN8+AW9 -> 0 | CO9: 6 | CP9: =CP8+AX9 -> 14 | CQ9: =CQ8+AY9 -> 0 | CR9: =CR8+AZ9 -> 70 | CS9: =CS8+BA9 -> 0 | CT9: =CT8+BB9 -> 350 | CU9: =CU8+BC9 -> 0 | CV9: =CV8+BD9 -> 14 | CW9: =CW8+BE9 -> 0 | ... CY9: =CY8+BG9 -> 0 | CZ9: 6 | DA9: 600 | DB9: =DA9+DB8 -> 2100 | DD9: =DC9+DD8 -> 0 | DH9: 6 | DI9: 2000 | DJ9: 4000 | DK9: 8000 | DL9: 6 | DM9: 4000 | DN9: 6000 | DO9: 12000 | DP9: 6 | DQ9: 8000 | DR9: 16000 | DS9: 6 | DT9: =DI9+DT8 -> 7000 | DU9: =DJ9+DU8 -> 14000 | DV9: =DK9+DV8 -> 28000 | DW9: =DM9+DW8 -> 14000 | DX9: =DN9+DX8 -> 21000 | DY9: =DO9+DY8 -> 42000 | DZ9: 0 | EA9: =DQ9+EA8 -> 28000 | EB9: =DR9+EB8 -> 56000 | EC9: 6 | EE9: =ED9+EE8 -> 0 | EG9: 2 | EH9: 3 | EI9: 7 | EJ9: =(EG9-1)*3+1+EH9 -> 7
A10: 7 | B10: 35 | C10: =C9+B10 -> 140 | D10: 7 | E10: 208 | F10: =F9+E10 -> 623 | G10: D1 | H10: 9200 | I10: =H10+I9 -> 21920 | J10: 1200 | K10: =J10+K9 -> 3004 | L10: Luxury Villa-3 | M10: 40000 | N10: =M10+N9 -> 165000 | O10: 1000 | P10: =O10+P9 -> 4800 | S10: 7 | T10: 4 | U10: 0 | V10: 16 | W10: 0 | X10: 80 | Y10: 0 | Z10: 3 | AA10: 0 | AB10: 15 | AC10: 0 | AD10: 5 | AE10: 0 | AF10: 16 | AG10: 0 | AH10: 80 | AI10: 0 | AJ10: 3 | AK10: 0 | AL10: =AJ10*5 -> 15 | AM10: =AK10*5 -> 0 | AN10: 5 | AO10: 0 | AP10: 25 | AQ10: 0 | AR10: 125 | AS10: 0 | AT10: 5 | AU10: 0 | AV10: 25 | AW10: 0 | AX10: 5 | AY10: 0 | AZ10: 25 | BA10: 0 | BB10: 125 | BC10: 0 | BD10: 5 | BE10: 0 | BF10: =BD10*5 -> 25 | BG10: =BE10*5 -> 0 | BH10: 7 | BI10: =BI9+T10 -> 16 | BJ10: =BJ9+U10 -> 0 | BK10: =BK9+V10 -> 64 | BL10: =BL9+W10 -> 0 | BM10: =BM9+X10 -> 320 | BN10: =BN9+Y10 -> 0 | BO10: =BO9+Z10 -> 14 | BP10: =BP9+AA10 -> 0 | ... BR10: =BR9+AC10 -> 0 | BS10: 7 | BT10: =BT9+AD10 -> 19 | BU10: =BU9+AE10 -> 0 | BV10: =BV9+AF10 -> 81 | BW10: =BW9+AG10 -> 0 | BX10: =BX9+AH10 -> 405 | BY10: =BY9+AI10 -> 0 | BZ10: =BZ9+AJ10 -> 16 | CA10: =CA9+AK10 -> 0 | ... CC10: =CC9+AM10 -> 0 | CD10: 7 | CE10: =CE9+AN10 -> 19 | CF10: =CF9+AO10 -> 0 | CG10: =CG9+AP10 -> 95 | CH10: =CH9+AQ10 -> 0 | CI10: =CI9+AR10 -> 475 | CJ10: =CJ9+AS10 -> 0 | CK10: =CK9+AT10 -> 19 | CL10: =CL9+AU10 -> 0 | ... CN10: =CN9+AW10 -> 0 | CO10: 7 | CP10: =CP9+AX10 -> 19 | CQ10: =CQ9+AY10 -> 0 | CR10: =CR9+AZ10 -> 95 | CS10: =CS9+BA10 -> 0 | CT10: =CT9+BB10 -> 475 | CU10: =CU9+BC10 -> 0 | CV10: =CV9+BD10 -> 19 | CW10: =CW9+BE10 -> 0 | ... CY10: =CY9+BG10 -> 0 | CZ10: 7 | DA10: 700 | DB10: =DA10+DB9 -> 2800 | DD10: =DC10+DD9 -> 0 | DH10: 7 | DI10: 2500 | DJ10: 5000 | DK10: 10000 | DL10: 7 | DM10: 5000 | DN10: 7500 | DO10: 15000 | DP10: 7 | DQ10: 10000 | DR10: 20000 | DS10: 7 | DT10: =DI10+DT9 -> 9500 | DU10: =DJ10+DU9 -> 19000 | DV10: =DK10+DV9 -> 38000 | DW10: =DM10+DW9 -> 19000 | DX10: =DN10+DX9 -> 28500 | DY10: =DO10+DY9 -> 57000 | DZ10: 0 | EA10: =DQ10+EA9 -> 38000 | EB10: =DR10+EB9 -> 76000 | EC10: 7 | EE10: =ED10+EE9 -> 0 | EG10: 3 | EH10: 1 | EI10: 8 | EJ10: =(EG10-1)*3+1+EH10 -> 8
A11: 8 | B11: 40 | C11: =C10+B11 -> 180 | D11: 8 | E11: 267 | F11: =F10+E11 -> 890 | G11: D2 | H11: 11200 | I11: =H11+I10 -> 33120 | J11: 1400 | K11: =J11+K10 -> 4404 | L11: Summit Villa-0 | M11: 40000 | N11: =M11+N10 -> 205000 | O11: 1000 | P11: =O11+P10 -> 5800 | S11: 8 | T11: 4 | U11: 0 | V11: 16 | W11: 0 | X11: 80 | Y11: 0 | Z11: 3 | AA11: 0 | AB11: 15 | AC11: 0 | AD11: 5 | AE11: 0 | AF11: 20 | AG11: 0 | AH11: 100 | AI11: 0 | AJ11: 4 | AK11: 0 | AL11: =AJ11*5 -> 20 | AM11: =AK11*5 -> 0 | AN11: 5 | AO11: 0 | AP11: 25 | AQ11: 0 | AR11: 125 | AS11: 0 | AT11: 5 | AU11: 0 | AV11: 25 | AW11: 0 | AX11: 5 | AY11: 0 | AZ11: 25 | BA11: 0 | BB11: 125 | BC11: 0 | BD11: 5 | BE11: 0 | BF11: =BD11*5 -> 25 | BG11: =BE11*5 -> 0 | BH11: 8 | BI11: =BI10+T11 -> 20 | BJ11: =BJ10+U11 -> 0 | BK11: =BK10+V11 -> 80 | BL11: =BL10+W11 -> 0 | BM11: =BM10+X11 -> 400 | BN11: =BN10+Y11 -> 0 | BO11: =BO10+Z11 -> 17 | BP11: =BP10+AA11 -> 0 | ... BR11: =BR10+AC11 -> 0 | BS11: 8 | BT11: =BT10+AD11 -> 24 | BU11: =BU10+AE11 -> 0 | BV11: =BV10+AF11 -> 101 | BW11: =BW10+AG11 -> 0 | BX11: =BX10+AH11 -> 505 | BY11: =BY10+AI11 -> 0 | BZ11: =BZ10+AJ11 -> 20 | CA11: =CA10+AK11 -> 0 | ... CC11: =CC10+AM11 -> 0 | CD11: 8 | CE11: =CE10+AN11 -> 24 | CF11: =CF10+AO11 -> 0 | CG11: =CG10+AP11 -> 120 | CH11: =CH10+AQ11 -> 0 | CI11: =CI10+AR11 -> 600 | CJ11: =CJ10+AS11 -> 0 | CK11: =CK10+AT11 -> 24 | CL11: =CL10+AU11 -> 0 | ... CN11: =CN10+AW11 -> 0 | CO11: 8 | CP11: =CP10+AX11 -> 24 | CQ11: =CQ10+AY11 -> 0 | CR11: =CR10+AZ11 -> 120 | CS11: =CS10+BA11 -> 0 | CT11: =CT10+BB11 -> 600 | CU11: =CU10+BC11 -> 0 | CV11: =CV10+BD11 -> 24 | CW11: =CW10+BE11 -> 0 | ... CY11: =CY10+BG11 -> 0 | CZ11: 8 | DA11: 800 | DB11: =DA11+DB10 -> 3600 | DD11: =DC11+DD10 -> 0 | DH11: 8 | DI11: 3000 | DJ11: 6000 | DK11: 12000 | DL11: 8 | DM11: 6000 | DN11: 9000 | DO11: 18000 | DP11: 8 | DQ11: 12000 | DR11: 24000 | DS11: 8 | DT11: =DI11+DT10 -> 12500 | DU11: =DJ11+DU10 -> 25000 | DV11: =DK11+DV10 -> 50000 | DW11: =DM11+DW10 -> 25000 | DX11: =DN11+DX10 -> 37500 | DY11: =DO11+DY10 -> 75000 | DZ11: 0 | EA11: =DQ11+EA10 -> 50000 | EB11: =DR11+EB10 -> 100000 | EC11: 8 | EE11: =ED11+EE10 -> 0 | EG11: 3 | EH11: 2 | EI11: 9 | EJ11: =(EG11-1)*3+1+EH11 -> 9
A12: 9 | B12: 45 | C12: =C11+B12 -> 225 | D12: 9 | E12: 334 | F12: =F11+E12 -> 1224 | G12: D3 | H12: 13200 | I12: =H12+I11 -> 46320 | J12: 1800 | K12: =J12+K11 -> 6204 | L12: Summit Villa-1 | M12: 60000 | N12: =M12+N11 -> 265000 | O12: 1500 | P12: =O12+P11 -> 7300 | S12: 9 | T12: 4 | U12: 0 | V12: 16 | W12: 0 | X12: 80 | Y12: 0 | Z12: 3 | AA12: 0 | AB12: 15 | AC12: 0 | AD12: 5 | AE12: 0 | AF12: 20 | AG12: 0 | AH12: 100 | AI12: 0 | AJ12: 4 | AK12: 0 | AL12: =AJ12*5 -> 20 | AM12: =AK12*5 -> 0 | AN12: 5 | AO12: 0 | AP12: 25 | AQ12: 0 | AR12: 125 | AS12: 0 | AT12: 5 | AU12: 0 | AV12: 25 | AW12: 0 | AX12: 5 | AY12: 0 | AZ12: 25 | BA12: 0 | BB12: 125 | BC12: 0 | BD12: 5 | BE12: 0 | BF12: =BD12*5 -> 25 | BG12: =BE12*5 -> 0 | BH12: 9 | BI12: =BI11+T12 -> 24 | BJ12: =BJ11+U12 -> 0 | BK12: =BK11+V12 -> 96 | BL12: =BL11+W12 -> 0 | BM12: =BM11+X12 -> 480 | BN12: =BN11+Y12 -> 0 | BO12: =BO11+Z12 -> 20 | BP12: =BP11+AA12 -> 0 | ... BR12: =BR11+AC12 -> 0 | BS12: 9 | BT12: =BT11+AD12 -> 29 | BU12: =BU11+AE12 -> 0 | BV12: =BV11+AF12 -> 121 | BW12: =BW11+AG12 -> 0 | BX12: =BX11+AH12 -> 605 | BY12: =BY11+AI12 -> 0 | BZ12: =BZ11+AJ12 -> 24 | CA12: =CA11+AK12 -> 0 | ... CC12: =CC11+AM12 -> 0 | CD12: 9 | CE12: =CE11+AN12 -> 29 | CF12: =CF11+AO12 -> 0 | CG12: =CG11+AP12 -> 145 | CH12: =CH11+AQ12 -> 0 | CI12: =CI11+AR12 -> 725 | CJ12: =CJ11+AS12 -> 0 | CK12: =CK11+AT12 -> 29 | CL12: =CL11+AU12 -> 0 | ... CN12: =CN11+AW12 -> 0 | CO12: 9 | CP12: =CP11+AX12 -> 29 | CQ12: =CQ11+AY12 -> 0 | CR12: =CR11+AZ12 -> 145 | CS12: =CS11+BA12 -> 0 | CT12: =CT11+BB12 -> 725 | CU12: =CU11+BC12 -> 0 | CV12: =CV11+BD12 -> 29 | CW12: =CW11+BE12 -> 0 | ... CY12: =CY11+BG12 -> 0 | CZ12: 9 | DA12: 1000 | DB12: =DA12+DB11 -> 4600 | DD12: =DC12+DD11 -> 0 | DH12: 9 | DI12: 3500 | DJ12: 7000 | DK12: 14000 | DL12: 9 | DM12: 7000 | DN12: 10500 | DO12: 21000 | DP12: 9 | DQ12: 14000 | DR12: 28000 | DS12: 9 | DT12: =DI12+DT11 -> 16000 | DU12: =DJ12+DU11 -> 32000 | DV12: =DK12+DV11 -> 64000 | DW12: =DM12+DW11 -> 32000 | DX12: =DN12+DX11 -> 48000 | DY12: =DO12+DY11 -> 96000 | DZ12: 0 | EA12: =DQ12+EA11 -> 64000 | EB12: =DR12+EB11 -> 128000 | EC12: 9 | EE12: =ED12+EE11 -> 0 | EG12: 3 | EH12: 3 | EI12: 10 | EJ12: =(EG12-1)*3+1+EH12 -> 10
A13: 10 | B13: 50 | C13: =C12+B13 -> 275 | D13: 10 | E13: 410 | F13: =F12+E13 -> 1634 | G13: E0 | H13: 15200 | I13: =H13+I12 -> 61520 | J13: 2000 | K13: =J13+K12 -> 8204 | L13: Summit Villa-2 | M13: 60000 | N13: =M13+N12 -> 325000 | O13: 1500 | P13: =O13+P12 -> 8800 | S13: 10 | T13: 4 | U13: 0 | V13: 16 | W13: 0 | X13: 80 | Y13: 0 | Z13: 3 | AA13: 0 | AB13: 15 | AC13: 0 | AD13: 5 | AE13: 0 | AF13: 24 | AG13: 0 | AH13: 120 | AI13: 0 | AJ13: 4 | AK13: 0 | AL13: =AJ13*5 -> 20 | AM13: =AK13*5 -> 0 | AN13: 5 | AO13: 0 | AP13: 25 | AQ13: 0 | AR13: 125 | AS13: 0 | AT13: 5 | AU13: 0 | AV13: 25 | AW13: 0 | AX13: 5 | AY13: 0 | AZ13: 25 | BA13: 0 | BB13: 125 | BC13: 0 | BD13: 5 | BE13: 0 | BF13: =BD13*5 -> 25 | BG13: =BE13*5 -> 0 | BH13: 10 | BI13: =BI12+T13 -> 28 | BJ13: =BJ12+U13 -> 0 | BK13: =BK12+V13 -> 112 | BL13: =BL12+W13 -> 0 | BM13: =BM12+X13 -> 560 | BN13: =BN12+Y13 -> 0 | BO13: =BO12+Z13 -> 23 | BP13: =BP12+AA13 -> 0 | ... BR13: =BR12+AC13 -> 0 | BS13: 10 | BT13: =BT12+AD13 -> 34 | BU13: =BU12+AE13 -> 0 | BV13: =BV12+AF13 -> 145 | BW13: =BW12+AG13 -> 0 | BX13: =BX12+AH13 -> 725 | BY13: =BY12+AI13 -> 0 | BZ13: =BZ12+AJ13 -> 28 | CA13: =CA12+AK13 -> 0 | ... CC13: =CC12+AM13 -> 0 | CD13: 10 | CE13: =CE12+AN13 -> 34 | CF13: =CF12+AO13 -> 0 | CG13: =CG12+AP13 -> 170 | CH13: =CH12+AQ13 -> 0 | CI13: =CI12+AR13 -> 850 | CJ13: =CJ12+AS13 -> 0 | CK13: =CK12+AT13 -> 34 | CL13: =CL12+AU13 -> 0 | ... CN13: =CN12+AW13 -> 0 | CO13: 10 | CP13: =CP12+AX13 -> 34 | CQ13: =CQ12+AY13 -> 0 | CR13: =CR12+AZ13 -> 170 | CS13: =CS12+BA13 -> 0 | CT13: =CT12+BB13 -> 850 | CU13: =CU12+BC13 -> 0 | CV13: =CV12+BD13 -> 34 | CW13: =CW12+BE13 -> 0 | ... CY13: =CY12+BG13 -> 0 | CZ13: 10 | DA13: 2000 | DB13: =DA13+DB12 -> 6600 | DD13: =DC13+DD12 -> 0 | DH13: 10 | DI13: 4000 | DJ13: 8000 | DK13: 16000 | DL13: 10 | DM13: 8000 | DN13: 12000 | DO13: 24000 | DP13: 10 | DQ13: 16000 | DR13: 32000 | DS13: 10 | DT13: =DI13+DT12 -> 20000 | DU13: =DJ13+DU12 -> 40000 | DV13: =DK13+DV12 -> 80000 | DW13: =DM13+DW12 -> 40000 | DX13: =DN13+DX12 -> 60000 | DY13: =DO13+DY12 -> 120000 | DZ13: 0 | EA13: =DQ13+EA12 -> 80000 | EB13: =DR13+EB12 -> 160000 | EC13: 10 | EE13: =ED13+EE12 -> 0
A14: 11 | B14: 55 | C14: =C13+B14 -> 330 | D14: 11 | E14: 494 | F14: =F13+E14 -> 2128 | G14: E1 | H14: 23200 | I14: =H14+I13 -> 84720 | J14: 2300 | K14: =J14+K13 -> 10504 | L14: Summit Villa-3 | M14: 60000 | N14: =M14+N13 -> 385000 | O14: 1500 | P14: =O14+P13 -> 10300 | S14: 11 | T14: 5 | U14: 0 | V14: 20 | W14: 0 | X14: 100 | Y14: 0 | Z14: 4 | AA14: 0 | AB14: 20 | AC14: 0 | AD14: 6 | AE14: 0 | AF14: 24 | AG14: 0 | AH14: 120 | AI14: 0 | AJ14: 5 | AK14: 0 | AL14: =AJ14*5 -> 25 | AM14: =AK14*5 -> 0 | AN14: 6 | AO14: 0 | AP14: 30 | AQ14: 0 | AR14: 150 | AS14: 0 | AT14: 6 | AU14: 0 | AV14: 30 | AW14: 0 | AX14: 6 | AY14: 0 | AZ14: 30 | BA14: 0 | BB14: 150 | BC14: 0 | BD14: 6 | BE14: 0 | BF14: =BD14*5 -> 30 | BG14: =BE14*5 -> 0 | BH14: 11 | BI14: =BI13+T14 -> 33 | BJ14: =BJ13+U14 -> 0 | BK14: =BK13+V14 -> 132 | BL14: =BL13+W14 -> 0 | BM14: =BM13+X14 -> 660 | BN14: =BN13+Y14 -> 0 | BO14: =BO13+Z14 -> 27 | BP14: =BP13+AA14 -> 0 | ... BR14: =BR13+AC14 -> 0 | BS14: 11 | BT14: =BT13+AD14 -> 40 | BU14: =BU13+AE14 -> 0 | BV14: =BV13+AF14 -> 169 | BW14: =BW13+AG14 -> 0 | BX14: =BX13+AH14 -> 845 | BY14: =BY13+AI14 -> 0 | BZ14: =BZ13+AJ14 -> 33 | CA14: =CA13+AK14 -> 0 | ... CC14: =CC13+AM14 -> 0 | CD14: 11 | CE14: =CE13+AN14 -> 40 | CF14: =CF13+AO14 -> 0 | CG14: =CG13+AP14 -> 200 | CH14: =CH13+AQ14 -> 0 | CI14: =CI13+AR14 -> 1000 | CJ14: =CJ13+AS14 -> 0 | CK14: =CK13+AT14 -> 40 | CL14: =CL13+AU14 -> 0 | ... CN14: =CN13+AW14 -> 0 | CO14: 11 | CP14: =CP13+AX14 -> 40 | CQ14: =CQ13+AY14 -> 0 | CR14: =CR13+AZ14 -> 200 | CS14: =CS13+BA14 -> 0 | CT14: =CT13+BB14 -> 1000 | CU14: =CU13+BC14 -> 0 | CV14: =CV13+BD14 -> 40 | CW14: =CW13+BE14 -> 0 | ... CY14: =CY13+BG14 -> 0 | CZ14: 11 | DA14: 3000 | DB14: =DA14+DB13 -> 9600 | DD14: =DC14+DD13 -> 0 | DH14: 11 | DI14: 5000 | DJ14: 10000 | DK14: 20000 | DL14: 11 | DM14: 10000 | DN14: 15000 | DO14: 30000 | DP14: 11 | DQ14: 20000 | DR14: 40000 | DS14: 11 | DT14: =DI14+DT13 -> 25000 | DU14: =DJ14+DU13 -> 50000 | DV14: =DK14+DV13 -> 100000 | DW14: =DM14+DW13 -> 50000 | DX14: =DN14+DX13 -> 75000 | DY14: =DO14+DY13 -> 150000 | DZ14: 0 | EA14: =DQ14+EA13 -> 100000 | EB14: =DR14+EB13 -> 200000 | EC14: 11 | EE14: =ED14+EE13 -> 0
A15: 12 | B15: 60 | C15: =C14+B15 -> 390 | D15: 12 | E15: 586 | F15: =F14+E15 -> 2714 | G15: E2 | H15: 26200 | I15: =H15+I14 -> 110920 | J15: 2600 | K15: =J15+K14 -> 13104 | L15: Summit Villa-4 | M15: 60000 | N15: =M15+N14 -> 445000 | O15: 1500 | P15: =O15+P14 -> 11800 | S15: 12 | T15: 5 | U15: 0 | V15: 20 | W15: 0 | X15: 100 | Y15: 0 | Z15: 4 | AA15: 0 | AB15: 20 | AC15: 0 | AD15: 6 | AE15: 0 | AF15: 28 | AG15: 0 | AH15: 140 | AI15: 0 | AJ15: 5 | AK15: 0 | AL15: =AJ15*5 -> 25 | AM15: =AK15*5 -> 0 | AN15: 6 | AO15: 0 | AP15: 30 | AQ15: 0 | AR15: 150 | AS15: 0 | AT15: 6 | AU15: 0 | AV15: 30 | AW15: 0 | AX15: 6 | AY15: 0 | AZ15: 30 | BA15: 0 | BB15: 150 | BC15: 0 | BD15: 6 | BE15: 0 | BF15: =BD15*5 -> 30 | BG15: =BE15*5 -> 0 | BH15: 12 | BI15: =BI14+T15 -> 38 | BJ15: =BJ14+U15 -> 0 | BK15: =BK14+V15 -> 152 | BL15: =BL14+W15 -> 0 | BM15: =BM14+X15 -> 760 | BN15: =BN14+Y15 -> 0 | BO15: =BO14+Z15 -> 31 | BP15: =BP14+AA15 -> 0 | ... BR15: =BR14+AC15 -> 0 | BS15: 12 | BT15: =BT14+AD15 -> 46 | BU15: =BU14+AE15 -> 0 | BV15: =BV14+AF15 -> 197 | BW15: =BW14+AG15 -> 0 | BX15: =BX14+AH15 -> 985 | BY15: =BY14+AI15 -> 0 | BZ15: =BZ14+AJ15 -> 38 | CA15: =CA14+AK15 -> 0 | ... CC15: =CC14+AM15 -> 0 | CD15: 12 | CE15: =CE14+AN15 -> 46 | CF15: =CF14+AO15 -> 0 | CG15: =CG14+AP15 -> 230 | CH15: =CH14+AQ15 -> 0 | CI15: =CI14+AR15 -> 1150 | CJ15: =CJ14+AS15 -> 0 | CK15: =CK14+AT15 -> 46 | CL15: =CL14+AU15 -> 0 | ... CN15: =CN14+AW15 -> 0 | CO15: 12 | CP15: =CP14+AX15 -> 46 | CQ15: =CQ14+AY15 -> 0 | CR15: =CR14+AZ15 -> 230 | CS15: =CS14+BA15 -> 0 | CT15: =CT14+BB15 -> 1150 | CU15: =CU14+BC15 -> 0 | CV15: =CV14+BD15 -> 46 | CW15: =CW14+BE15 -> 0 | ... CY15: =CY14+BG15 -> 0 | CZ15: 12 | DA15: 4000 | DB15: =DA15+DB14 -> 13600 | DD15: =DC15+DD14 -> 0 | DH15: 12 | DI15: 6000 | DJ15: 12000 | DK15: 24000 | DL15: 12 | DM15: 12000 | DN15: 18000 | DO15: 36000 | DP15: 12 | DQ15: 24000 | DR15: 48000 | DS15: 12 | DT15: =DI15+DT14 -> 31000 | DU15: =DJ15+DU14 -> 62000 | DV15: =DK15+DV14 -> 124000 | DW15: =DM15+DW14 -> 62000 | DX15: =DN15+DX14 -> 93000 | DY15: =DO15+DY14 -> 186000 | DZ15: 0 | EA15: =DQ15+EA14 -> 124000 | EB15: =DR15+EB14 -> 248000 | EC15: 12 | EE15: =ED15+EE14 -> 0
A16: 13 | B16: 65 | C16: =C15+B16 -> 455 | D16: 13 | E16: 688 | F16: =F15+E16 -> 3402 | G16: E3 | H16: 29200 | I16: =H16+I15 -> 140120 | J16: 2900 | K16: =J16+K15 -> 16004 | L16: Summit Villa-5 | M16: 60000 | N16: =M16+N15 -> 505000 | O16: 1500 | P16: =O16+P15 -> 13300 | S16: 13 | T16: 5 | U16: 0 | V16: 20 | W16: 0 | X16: 100 | Y16: 0 | Z16: 4 | AA16: 0 | AB16: 20 | AC16: 0 | AD16: 6 | AE16: 0 | AF16: 28 | AG16: 0 | AH16: 140 | AI16: 0 | AJ16: 5 | AK16: 0 | AL16: =AJ16*5 -> 25 | AM16: =AK16*5 -> 0 | AN16: 6 | AO16: 0 | AP16: 30 | AQ16: 0 | AR16: 150 | AS16: 0 | AT16: 6 | AU16: 0 | AV16: 30 | AW16: 0 | AX16: 6 | AY16: 0 | AZ16: 30 | BA16: 0 | BB16: 150 | BC16: 0 | BD16: 6 | BE16: 0 | BF16: =BD16*5 -> 30 | BG16: =BE16*5 -> 0 | BH16: 13 | BI16: =BI15+T16 -> 43 | BJ16: =BJ15+U16 -> 0 | BK16: =BK15+V16 -> 172 | BL16: =BL15+W16 -> 0 | BM16: =BM15+X16 -> 860 | BN16: =BN15+Y16 -> 0 | BO16: =BO15+Z16 -> 35 | BP16: =BP15+AA16 -> 0 | ... BR16: =BR15+AC16 -> 0 | BS16: 13 | BT16: =BT15+AD16 -> 52 | BU16: =BU15+AE16 -> 0 | BV16: =BV15+AF16 -> 225 | BW16: =BW15+AG16 -> 0 | BX16: =BX15+AH16 -> 1125 | BY16: =BY15+AI16 -> 0 | BZ16: =BZ15+AJ16 -> 43 | CA16: =CA15+AK16 -> 0 | ... CC16: =CC15+AM16 -> 0 | CD16: 13 | CE16: =CE15+AN16 -> 52 | CF16: =CF15+AO16 -> 0 | CG16: =CG15+AP16 -> 260 | CH16: =CH15+AQ16 -> 0 | CI16: =CI15+AR16 -> 1300 | CJ16: =CJ15+AS16 -> 0 | CK16: =CK15+AT16 -> 52 | CL16: =CL15+AU16 -> 0 | ... CN16: =CN15+AW16 -> 0 | CO16: 13 | CP16: =CP15+AX16 -> 52 | CQ16: =CQ15+AY16 -> 0 | CR16: =CR15+AZ16 -> 260 | CS16: =CS15+BA16 -> 0 | CT16: =CT15+BB16 -> 1300 | CU16: =CU15+BC16 -> 0 | CV16: =CV15+BD16 -> 52 | CW16: =CW15+BE16 -> 0 | ... CY16: =CY15+BG16 -> 0 | CZ16: 13 | DA16: 5000 | DB16: =DA16+DB15 -> 18600 | DD16: =DC16+DD15 -> 0 | DH16: 13 | DI16: 7500 | DJ16: 15000 | DK16: 30000 | DL16: 13 | DM16: 15000 | DN16: 22500 | DO16: 45000 | DP16: 13 | DQ16: 30000 | DR16: 60000 | DS16: 13 | DT16: =DI16+DT15 -> 38500 | DU16: =DJ16+DU15 -> 77000 | DV16: =DK16+DV15 -> 154000 | DW16: =DM16+DW15 -> 77000 | DX16: =DN16+DX15 -> 115500 | DY16: =DO16+DY15 -> 231000 | DZ16: 0 | EA16: =DQ16+EA15 -> 154000 | EB16: =DR16+EB15 -> 308000 | EC16: 13 | EE16: =ED16+EE15 -> 0
A17: 14 | B17: 70 | C17: =C16+B17 -> 525 | D17: 14 | E17: 798 | F17: =F16+E17 -> 4200 | G17: E4 | H17: 32200 | I17: =H17+I16 -> 172320 | J17: 3200 | K17: =J17+K16 -> 19204 | L17: Summit Villa-6 | M17: 60000 | N17: =M17+N16 -> 565000 | O17: 1500 | P17: =O17+P16 -> 14800 | S17: 14 | T17: 6 | U17: 0 | V17: 24 | W17: 0 | X17: 120 | Y17: 0 | Z17: 5 | AA17: 0 | AB17: 25 | AC17: 0 | AD17: 8 | AE17: 0 | AF17: 32 | AG17: 0 | AH17: 160 | AI17: 0 | AJ17: 6 | AK17: 0 | AL17: =AJ17*5 -> 30 | AM17: =AK17*5 -> 0 | AN17: 8 | AO17: 0 | AP17: 40 | AQ17: 0 | AR17: 200 | AS17: 0 | AT17: 8 | AU17: 0 | AV17: 40 | AW17: 0 | AX17: 8 | AY17: 0 | AZ17: 40 | BA17: 0 | BB17: 200 | BC17: 0 | BD17: 8 | BE17: 0 | BF17: =BD17*5 -> 40 | BG17: =BE17*5 -> 0 | BH17: 14 | BI17: =BI16+T17 -> 49 | BJ17: =BJ16+U17 -> 0 | BK17: =BK16+V17 -> 196 | BL17: =BL16+W17 -> 0 | BM17: =BM16+X17 -> 980 | BN17: =BN16+Y17 -> 0 | BO17: =BO16+Z17 -> 40 | BP17: =BP16+AA17 -> 0 | ... BR17: =BR16+AC17 -> 0 | BS17: 14 | BT17: =BT16+AD17 -> 60 | BU17: =BU16+AE17 -> 0 | BV17: =BV16+AF17 -> 257 | BW17: =BW16+AG17 -> 0 | BX17: =BX16+AH17 -> 1285 | BY17: =BY16+AI17 -> 0 | BZ17: =BZ16+AJ17 -> 49 | CA17: =CA16+AK17 -> 0 | ... CC17: =CC16+AM17 -> 0 | CD17: 14 | CE17: =CE16+AN17 -> 60 | CF17: =CF16+AO17 -> 0 | CG17: =CG16+AP17 -> 300 | CH17: =CH16+AQ17 -> 0 | CI17: =CI16+AR17 -> 1500 | CJ17: =CJ16+AS17 -> 0 | CK17: =CK16+AT17 -> 60 | CL17: =CL16+AU17 -> 0 | ... CN17: =CN16+AW17 -> 0 | CO17: 14 | CP17: =CP16+AX17 -> 60 | CQ17: =CQ16+AY17 -> 0 | CR17: =CR16+AZ17 -> 300 | CS17: =CS16+BA17 -> 0 | CT17: =CT16+BB17 -> 1500 | CU17: =CU16+BC17 -> 0 | CV17: =CV16+BD17 -> 60 | CW17: =CW16+BE17 -> 0 | ... CY17: =CY16+BG17 -> 0 | CZ17: 14 | DA17: 6000 | DB17: =DA17+DB16 -> 24600 | DD17: =DC17+DD16 -> 0 | DH17: 14 | DI17: 10000 | DJ17: 20000 | DK17: 40000 | DL17: 14 | DM17: 20000 | DN17: 30000 | DO17: 60000 | DP17: 14 | DQ17: 40000 | DR17: 80000 | DS17: 14 | DT17: =DI17+DT16 -> 48500 | DU17: =DJ17+DU16 -> 97000 | DV17: =DK17+DV16 -> 194000 | DW17: =DM17+DW16 -> 97000 | DX17: =DN17+DX16 -> 145500 | DY17: =DO17+DY16 -> 291000 | DZ17: 0 | EA17: =DQ17+EA16 -> 194000 | EB17: =DR17+EB16 -> 388000 | EC17: 14 | EE17: =ED17+EE16 -> 0
A18: 15 | B18: 75 | C18: =C17+B18 -> 600 | D18: 15 | E18: 916 | F18: =F17+E18 -> 5116 | G18: E5 | H18: 35200 | I18: =H18+I17 -> 207520 | J18: 3500 | K18: =J18+K17 -> 22704 | L18: Summit Villa-7 | M18: 60000 | N18: =M18+N17 -> 625000 | O18: 1500 | P18: =O18+P17 -> 16300 | S18: 15 | T18: 6 | U18: 0 | V18: 24 | W18: 0 | X18: 120 | Y18: 0 | Z18: 5 | AA18: 0 | AB18: 25 | AC18: 0 | AD18: 8 | AE18: 0 | AF18: 32 | AG18: 0 | AH18: 160 | AI18: 0 | AJ18: 6 | AK18: 0 | AL18: =AJ18*5 -> 30 | AM18: =AK18*5 -> 0 | AN18: 8 | AO18: 0 | AP18: 40 | AQ18: 0 | AR18: 200 | AS18: 0 | AT18: 8 | AU18: 0 | AV18: 40 | AW18: 0 | AX18: 8 | AY18: 0 | AZ18: 40 | BA18: 0 | BB18: 200 | BC18: 0 | BD18: 8 | BE18: 0 | BF18: =BD18*5 -> 40 | BG18: =BE18*5 -> 0 | BH18: 15 | BI18: =BI17+T18 -> 55 | BJ18: =BJ17+U18 -> 0 | BK18: =BK17+V18 -> 220 | BL18: =BL17+W18 -> 0 | BM18: =BM17+X18 -> 1100 | BN18: =BN17+Y18 -> 0 | BO18: =BO17+Z18 -> 45 | BP18: =BP17+AA18 -> 0 | ... BR18: =BR17+AC18 -> 0 | BS18: 15 | BT18: =BT17+AD18 -> 68 | BU18: =BU17+AE18 -> 0 | BV18: =BV17+AF18 -> 289 | BW18: =BW17+AG18 -> 0 | BX18: =BX17+AH18 -> 1445 | BY18: =BY17+AI18 -> 0 | BZ18: =BZ17+AJ18 -> 55 | CA18: =CA17+AK18 -> 0 | ... CC18: =CC17+AM18 -> 0 | CD18: 15 | CE18: =CE17+AN18 -> 68 | CF18: =CF17+AO18 -> 0 | CG18: =CG17+AP18 -> 340 | CH18: =CH17+AQ18 -> 0 | CI18: =CI17+AR18 -> 1700 | CJ18: =CJ17+AS18 -> 0 | CK18: =CK17+AT18 -> 68 | CL18: =CL17+AU18 -> 0 | ... CN18: =CN17+AW18 -> 0 | CO18: 15 | CP18: =CP17+AX18 -> 68 | CQ18: =CQ17+AY18 -> 0 | CR18: =CR17+AZ18 -> 340 | CS18: =CS17+BA18 -> 0 | CT18: =CT17+BB18 -> 1700 | CU18: =CU17+BC18 -> 0 | CV18: =CV17+BD18 -> 68 | CW18: =CW17+BE18 -> 0 | ... CY18: =CY17+BG18 -> 0 | CZ18: 15 | DA18: 7000 | DB18: =DA18+DB17 -> 31600 | DD18: =DC18+DD17 -> 0 | DH18: 15 | DI18: 12500 | DJ18: 25000 | DK18: 50000 | DL18: 15 | DM18: 25000 | DN18: 37500 | DO18: 75000 | DP18: 15 | DQ18: 50000 | DR18: 100000 | DS18: 15 | DT18: =DI18+DT17 -> 61000 | DU18: =DJ18+DU17 -> 122000 | DV18: =DK18+DV17 -> 244000 | DW18: =DM18+DW17 -> 122000 | DX18: =DN18+DX17 -> 183000 | DY18: =DO18+DY17 -> 366000 | DZ18: 0 | EA18: =DQ18+EA17 -> 244000 | EB18: =DR18+EB17 -> 488000 | EC18: 15 | EE18: =ED18+EE17 -> 0
A19: 16 | B19: 80 | C19: =C18+B19 -> 680 | D19: 16 | E19: 1044 | F19: =F18+E19 -> 6160 | G19: S0 | H19: 38200 | I19: =H19+I18 -> 245720 | J19: 4000 | K19: =J19+K18 -> 26704 | L19: Summit Villa-8 | M19: 60000 | N19: =M19+N18 -> 685000 | O19: 1500 | P19: =O19+P18 -> 17800 | S19: 16 | T19: 7 | U19: 0 | V19: 28 | W19: 0 | X19: 140 | Y19: 0 | Z19: 6 | AA19: 0 | AB19: 30 | AC19: 0 | AD19: 9 | AE19: 0 | AF19: 36 | AG19: 0 | AH19: 180 | AI19: 0 | AJ19: 6 | AK19: 0 | AL19: =AJ19*5 -> 30 | AM19: =AK19*5 -> 0 | AN19: 9 | AO19: 0 | AP19: 45 | AQ19: 0 | AR19: 225 | AS19: 0 | AT19: 9 | AU19: 0 | AV19: 45 | AW19: 0 | AX19: 9 | AY19: 0 | AZ19: 45 | BA19: 0 | BB19: 225 | BC19: 0 | BD19: 9 | BE19: 0 | BF19: =BD19*5 -> 45 | BG19: =BE19*5 -> 0 | BH19: 16 | BI19: =BI18+T19 -> 62 | BJ19: =BJ18+U19 -> 0 | BK19: =BK18+V19 -> 248 | BL19: =BL18+W19 -> 0 | BM19: =BM18+X19 -> 1240 | BN19: =BN18+Y19 -> 0 | BO19: =BO18+Z19 -> 51 | BP19: =BP18+AA19 -> 0 | ... BR19: =BR18+AC19 -> 0 | BS19: 16 | BT19: =BT18+AD19 -> 77 | BU19: =BU18+AE19 -> 0 | BV19: =BV18+AF19 -> 325 | BW19: =BW18+AG19 -> 0 | BX19: =BX18+AH19 -> 1625 | BY19: =BY18+AI19 -> 0 | BZ19: =BZ18+AJ19 -> 61 | CA19: =CA18+AK19 -> 0 | ... CC19: =CC18+AM19 -> 0 | CD19: 16 | CE19: =CE18+AN19 -> 77 | CF19: =CF18+AO19 -> 0 | CG19: =CG18+AP19 -> 385 | CH19: =CH18+AQ19 -> 0 | CI19: =CI18+AR19 -> 1925 | CJ19: =CJ18+AS19 -> 0 | CK19: =CK18+AT19 -> 77 | CL19: =CL18+AU19 -> 0 | ... CN19: =CN18+AW19 -> 0 | CO19: 16 | CP19: =CP18+AX19 -> 77 | CQ19: =CQ18+AY19 -> 0 | CR19: =CR18+AZ19 -> 385 | CS19: =CS18+BA19 -> 0 | CT19: =CT18+BB19 -> 1925 | CU19: =CU18+BC19 -> 0 | CV19: =CV18+BD19 -> 77 | CW19: =CW18+BE19 -> 0 | ... CY19: =CY18+BG19 -> 0 | CZ19: 16 | DA19: 8000 | DB19: =DA19+DB18 -> 39600 | DD19: =DC19+DD18 -> 0 | DH19: 16 | DI19: 15000 | DJ19: 30000 | DK19: 60000 | DL19: 16 | DM19: 30000 | DN19: 45000 | DO19: 90000 | DP19: 16 | DQ19: 60000 | DR19: 120000 | DS19: 16 | DT19: =DI19+DT18 -> 76000 | DU19: =DJ19+DU18 -> 152000 | DV19: =DK19+DV18 -> 304000 | DW19: =DM19+DW18 -> 152000 | DX19: =DN19+DX18 -> 228000 | DY19: =DO19+DY18 -> 456000 | DZ19: 0 | EA19: =DQ19+EA18 -> 304000 | EB19: =DR19+EB18 -> 608000 | EC19: 16 | EE19: =ED19+EE18 -> 0
A20: 17 | B20: 85 | C20: =C19+B20 -> 765 | D20: 17 | E20: 1182 | F20: =F19+E20 -> 7342 | G20: S1 | H20: 41200 | I20: =H20+I19 -> 286920 | J20: 4000 | K20: =J20+K19 -> 30704 | L20: Summit Villa-9 | M20: 60000 | N20: =M20+N19 -> 745000 | O20: 1500 | P20: =O20+P19 -> 19300 | S20: 17 | T20: 7 | U20: 0 | V20: 28 | W20: 0 | X20: 140 | Y20: 0 | Z20: 6 | AA20: 0 | AB20: 30 | AC20: 0 | AD20: 9 | AE20: 0 | AF20: 36 | AG20: 0 | AH20: 180 | AI20: 0 | AJ20: 8 | AK20: 0 | AL20: =AJ20*5 -> 40 | AM20: =AK20*5 -> 0 | AN20: 9 | AO20: 0 | AP20: 45 | AQ20: 0 | AR20: 225 | AS20: 0 | AT20: 9 | AU20: 0 | AV20: 45 | AW20: 0 | AX20: 9 | AY20: 0 | AZ20: 45 | BA20: 0 | BB20: 225 | BC20: 0 | BD20: 9 | BE20: 0 | BF20: =BD20*5 -> 45 | BG20: =BE20*5 -> 0 | BH20: 17 | BI20: =BI19+T20 -> 69 | BJ20: =BJ19+U20 -> 0 | BK20: =BK19+V20 -> 276 | BL20: =BL19+W20 -> 0 | BM20: =BM19+X20 -> 1380 | BN20: =BN19+Y20 -> 0 | BO20: =BO19+Z20 -> 57 | BP20: =BP19+AA20 -> 0 | ... BR20: =BR19+AC20 -> 0 | BS20: 17 | BT20: =BT19+AD20 -> 86 | BU20: =BU19+AE20 -> 0 | BV20: =BV19+AF20 -> 361 | BW20: =BW19+AG20 -> 0 | BX20: =BX19+AH20 -> 1805 | BY20: =BY19+AI20 -> 0 | BZ20: =BZ19+AJ20 -> 69 | CA20: =CA19+AK20 -> 0 | ... CC20: =CC19+AM20 -> 0 | CD20: 17 | CE20: =CE19+AN20 -> 86 | CF20: =CF19+AO20 -> 0 | CG20: =CG19+AP20 -> 430 | CH20: =CH19+AQ20 -> 0 | CI20: =CI19+AR20 -> 2150 | CJ20: =CJ19+AS20 -> 0 | CK20: =CK19+AT20 -> 86 | CL20: =CL19+AU20 -> 0 | ... CN20: =CN19+AW20 -> 0 | CO20: 17 | CP20: =CP19+AX20 -> 86 | CQ20: =CQ19+AY20 -> 0 | CR20: =CR19+AZ20 -> 430 | CS20: =CS19+BA20 -> 0 | CT20: =CT19+BB20 -> 2150 | CU20: =CU19+BC20 -> 0 | CV20: =CV19+BD20 -> 86 | CW20: =CW19+BE20 -> 0 | ... CY20: =CY19+BG20 -> 0 | CZ20: 17 | DA20: 9000 | DB20: =DA20+DB19 -> 48600 | DD20: =DC20+DD19 -> 0 | DH20: 17 | DI20: 18000 | DJ20: 36000 | DK20: 72000 | DL20: 17 | DM20: 36000 | DN20: 54000 | DO20: 108000 | DP20: 17 | DQ20: 72000 | DR20: 144000 | DS20: 17 | DT20: =DI20+DT19 -> 94000 | DU20: =DJ20+DU19 -> 188000 | DV20: =DK20+DV19 -> 376000 | DW20: =DM20+DW19 -> 188000 | DX20: =DN20+DX19 -> 282000 | DY20: =DO20+DY19 -> 564000 | DZ20: 0 | EA20: =DQ20+EA19 -> 376000 | EB20: =DR20+EB19 -> 752000 | EC20: 17 | EE20: =ED20+EE19 -> 0
A21: 18 | B21: 90 | C21: =C20+B21 -> 855 | D21: 18 | E21: 1328 | F21: =F20+E21 -> 8670 | G21: S2 | H21: 44200 | I21: =H21+I20 -> 331120 | J21: 4000 | K21: =J21+K20 -> 34704 | L21: Iconic Villa-0 | M21: 60000 | N21: =M21+N20 -> 805000 | O21: 1500 | P21: =O21+P20 -> 20800 | S21: 18 | T21: 7 | U21: 0 | V21: 28 | W21: 0 | X21: 140 | Y21: 0 | Z21: 6 | AA21: 0 | AB21: 30 | AC21: 0 | AD21: 9 | AE21: 0 | AF21: 40 | AG21: 0 | AH21: 200 | AI21: 0 | AJ21: 8 | AK21: 0 | AL21: =AJ21*5 -> 40 | AM21: =AK21*5 -> 0 | AN21: 9 | AO21: 0 | AP21: 45 | AQ21: 0 | AR21: 225 | AS21: 0 | AT21: 9 | AU21: 0 | AV21: 45 | AW21: 0 | AX21: 9 | AY21: 0 | AZ21: 45 | BA21: 0 | BB21: 225 | BC21: 0 | BD21: 9 | BE21: 0 | BF21: =BD21*5 -> 45 | BG21: =BE21*5 -> 0 | BH21: 18 | BI21: =BI20+T21 -> 76 | BJ21: =BJ20+U21 -> 0 | BK21: =BK20+V21 -> 304 | BL21: =BL20+W21 -> 0 | BM21: =BM20+X21 -> 1520 | BN21: =BN20+Y21 -> 0 | BO21: =BO20+Z21 -> 63 | BP21: =BP20+AA21 -> 0 | ... BR21: =BR20+AC21 -> 0 | BS21: 18 | BT21: =BT20+AD21 -> 95 | BU21: =BU20+AE21 -> 0 | BV21: =BV20+AF21 -> 401 | BW21: =BW20+AG21 -> 0 | BX21: =BX20+AH21 -> 2005 | BY21: =BY20+AI21 -> 0 | BZ21: =BZ20+AJ21 -> 77 | CA21: =CA20+AK21 -> 0 | ... CC21: =CC20+AM21 -> 0 | CD21: 18 | CE21: =CE20+AN21 -> 95 | CF21: =CF20+AO21 -> 0 | CG21: =CG20+AP21 -> 475 | CH21: =CH20+AQ21 -> 0 | CI21: =CI20+AR21 -> 2375 | CJ21: =CJ20+AS21 -> 0 | CK21: =CK20+AT21 -> 95 | CL21: =CL20+AU21 -> 0 | ... CN21: =CN20+AW21 -> 0 | CO21: 18 | CP21: =CP20+AX21 -> 95 | CQ21: =CQ20+AY21 -> 0 | CR21: =CR20+AZ21 -> 475 | CS21: =CS20+BA21 -> 0 | CT21: =CT20+BB21 -> 2375 | CU21: =CU20+BC21 -> 0 | CV21: =CV20+BD21 -> 95 | CW21: =CW20+BE21 -> 0 | ... CY21: =CY20+BG21 -> 0 | CZ21: 18 | DA21: 10000 | DB21: =DA21+DB20 -> 58600 | DD21: =DC21+DD20 -> 0 | DH21: 18 | DI21: 21000 | DJ21: 42000 | DK21: 84000 | DL21: 18 | DM21: 42000 | DN21: 63000 | DO21: 126000 | DP21: 18 | DQ21: 84000 | DR21: 168000 | DS21: 18 | DT21: =DI21+DT20 -> 115000 | DU21: =DJ21+DU20 -> 230000 | DV21: =DK21+DV20 -> 460000 | DW21: =DM21+DW20 -> 230000 | DX21: =DN21+DX20 -> 345000 | DY21: =DO21+DY20 -> 690000 | DZ21: 0 | EA21: =DQ21+EA20 -> 460000 | EB21: =DR21+EB20 -> 920000 | EC21: 18 | EE21: =ED21+EE20 -> 0
A22: 19 | B22: 95 | C22: =C21+B22 -> 950 | D22: 19 | E22: 1484 | F22: =F21+E22 -> 10154 | G22: S3 | H22: 47200 | I22: =H22+I21 -> 378320 | J22: 4000 | K22: =J22+K21 -> 38704 | L22: Iconic Villa-1 | M22: 120000 | N22: =M22+N21 -> 925000 | O22: 2000 | P22: =O22+P21 -> 22800 | S22: 19 | T22: 8 | U22: 0 | V22: 32 | W22: 0 | X22: 160 | Y22: 0 | Z22: 6 | AA22: 0 | AB22: 30 | AC22: 0 | AD22: 11 | AE22: 0 | AF22: 40 | AG22: 0 | AH22: 200 | AI22: 0 | AJ22: 8 | AK22: 0 | AL22: =AJ22*5 -> 40 | AM22: =AK22*5 -> 0 | AN22: 11 | AO22: 0 | AP22: 55 | AQ22: 0 | AR22: 275 | AS22: 0 | AT22: 11 | AU22: 0 | AV22: 55 | AW22: 0 | AX22: 11 | AY22: 0 | AZ22: 55 | BA22: 0 | BB22: 275 | BC22: 0 | BD22: 11 | BE22: 0 | BF22: =BD22*5 -> 55 | BG22: =BE22*5 -> 0 | BH22: 19 | BI22: =BI21+T22 -> 84 | BJ22: =BJ21+U22 -> 0 | BK22: =BK21+V22 -> 336 | BL22: =BL21+W22 -> 0 | BM22: =BM21+X22 -> 1680 | BN22: =BN21+Y22 -> 0 | BO22: =BO21+Z22 -> 69 | BP22: =BP21+AA22 -> 0 | ... BR22: =BR21+AC22 -> 0 | BS22: 19 | BT22: =BT21+AD22 -> 106 | BU22: =BU21+AE22 -> 0 | BV22: =BV21+AF22 -> 441 | BW22: =BW21+AG22 -> 0 | BX22: =BX21+AH22 -> 2205 | BY22: =BY21+AI22 -> 0 | BZ22: =BZ21+AJ22 -> 85 | CA22: =CA21+AK22 -> 0 | ... CC22: =CC21+AM22 -> 0 | CD22: 19 | CE22: =CE21+AN22 -> 106 | CF22: =CF21+AO22 -> 0 | CG22: =CG21+AP22 -> 530 | CH22: =CH21+AQ22 -> 0 | CI22: =CI21+AR22 -> 2650 | CJ22: =CJ21+AS22 -> 0 | CK22: =CK21+AT22 -> 106 | CL22: =CL21+AU22 -> 0 | ... CN22: =CN21+AW22 -> 0 | CO22: 19 | CP22: =CP21+AX22 -> 106 | CQ22: =CQ21+AY22 -> 0 | CR22: =CR21+AZ22 -> 530 | CS22: =CS21+BA22 -> 0 | CT22: =CT21+BB22 -> 2650 | CU22: =CU21+BC22 -> 0 | CV22: =CV21+BD22 -> 106 | CW22: =CW21+BE22 -> 0 | ... CY22: =CY21+BG22 -> 0 | CZ22: 19 | DA22: 12000 | DB22: =DA22+DB21 -> 70600 | DD22: =DC22+DD21 -> 0 | DH22: 19 | DI22: 24000 | DJ22: 48000 | DK22: 96000 | DL22: 19 | DM22: 48000 | DN22: 72000 | DO22: 144000 | DP22: 19 | DQ22: 96000 | DR22: 192000 | DS22: 19 | DT22: =DI22+DT21 -> 139000 | DU22: =DJ22+DU21 -> 278000 | DV22: =DK22+DV21 -> 556000 | DW22: =DM22+DW21 -> 278000 | DX22: =DN22+DX21 -> 417000 | DY22: =DO22+DY21 -> 834000 | DZ22: 0 | EA22: =DQ22+EA21 -> 556000 | EB22: =DR22+EB21 -> 1112000 | EC22: 19 | EE22: =ED22+EE21 -> 0
A23: 20 | B23: 100 | C23: =C22+B23 -> 1050 | D23: 20 | E23: 1649 | F23: =F22+E23 -> 11803 | G23: S4 | H23: 50200 | I23: =H23+I22 -> 428520 | J23: 4000 | K23: =J23+K22 -> 42704 | L23: Iconic Villa-2 | M23: 120000 | N23: =M23+N22 -> 1045000 | O23: 2000 | P23: =O23+P22 -> 24800 | S23: 20 | T23: 8 | U23: 0 | V23: 32 | W23: 0 | X23: 160 | Y23: 0 | Z23: 6 | AA23: 0 | AB23: 30 | AC23: 0 | AD23: 11 | AE23: 0 | AF23: 44 | AG23: 0 | AH23: 220 | AI23: 0 | AJ23: 10 | AK23: 0 | AL23: =AJ23*5 -> 50 | AM23: =AK23*5 -> 0 | AN23: 11 | AO23: 0 | AP23: 55 | AQ23: 0 | AR23: 275 | AS23: 0 | AT23: 11 | AU23: 0 | AV23: 55 | AW23: 0 | AX23: 11 | AY23: 0 | AZ23: 55 | BA23: 0 | BB23: 275 | BC23: 0 | BD23: 11 | BE23: 0 | BF23: =BD23*5 -> 55 | BG23: =BE23*5 -> 0 | BH23: 20 | BI23: =BI22+T23 -> 92 | BJ23: =BJ22+U23 -> 0 | BK23: =BK22+V23 -> 368 | BL23: =BL22+W23 -> 0 | BM23: =BM22+X23 -> 1840 | BN23: =BN22+Y23 -> 0 | BO23: =BO22+Z23 -> 75 | BP23: =BP22+AA23 -> 0 | ... BR23: =BR22+AC23 -> 0 | BS23: 20 | BT23: =BT22+AD23 -> 117 | BU23: =BU22+AE23 -> 0 | BV23: =BV22+AF23 -> 485 | BW23: =BW22+AG23 -> 0 | BX23: =BX22+AH23 -> 2425 | BY23: =BY22+AI23 -> 0 | BZ23: =BZ22+AJ23 -> 95 | CA23: =CA22+AK23 -> 0 | ... CC23: =CC22+AM23 -> 0 | CD23: 20 | CE23: =CE22+AN23 -> 117 | CF23: =CF22+AO23 -> 0 | CG23: =CG22+AP23 -> 585 | CH23: =CH22+AQ23 -> 0 | CI23: =CI22+AR23 -> 2925 | CJ23: =CJ22+AS23 -> 0 | CK23: =CK22+AT23 -> 117 | CL23: =CL22+AU23 -> 0 | ... CN23: =CN22+AW23 -> 0 | CO23: 20 | CP23: =CP22+AX23 -> 117 | CQ23: =CQ22+AY23 -> 0 | CR23: =CR22+AZ23 -> 585 | CS23: =CS22+BA23 -> 0 | CT23: =CT22+BB23 -> 2925 | CU23: =CU22+BC23 -> 0 | CV23: =CV22+BD23 -> 117 | CW23: =CW22+BE23 -> 0 | ... CY23: =CY22+BG23 -> 0 | CZ23: 20 | DA23: 14000 | DB23: =DA23+DB22 -> 84600 | DC23: 50 | DD23: =DC23+DD22 -> 50 | DH23: 20 | DI23: 27000 | DJ23: 54000 | DK23: 108000 | DL23: 20 | DM23: 54000 | DN23: 81000 | DO23: 162000 | DP23: 20 | DQ23: 108000 | DR23: 216000 | DS23: 20 | DT23: =DI23+DT22 -> 166000 | DU23: =DJ23+DU22 -> 332000 | DV23: =DK23+DV22 -> 664000 | DW23: =DM23+DW22 -> 332000 | DX23: =DN23+DX22 -> 498000 | DY23: =DO23+DY22 -> 996000 | DZ23: 0 | EA23: =DQ23+EA22 -> 664000 | EB23: =DR23+EB22 -> 1328000 | EC23: 20 | EE23: =ED23+EE22 -> 0
A24: 21 | B24: 110 | C24: =C23+B24 -> 1160 | D24: 21 | E24: 1824 | F24: =F23+E24 -> 13627 | G24: S5 | H24: 53360 | I24: =H24+I23 -> 481880 | J24: 4000 | K24: =J24+K23 -> 46704 | L24: Iconic Villa-3 | M24: 120000 | N24: =M24+N23 -> 1165000 | O24: 2000 | P24: =O24+P23 -> 26800 | S24: 21 | T24: 8 | U24: 0 | V24: 32 | W24: 0 | X24: 160 | Y24: 0 | Z24: 6 | AA24: 0 | AB24: 30 | AC24: 0 | AD24: 11 | AE24: 0 | AF24: 44 | AG24: 0 | AH24: 220 | AI24: 0 | AJ24: 10 | AK24: 0 | AL24: =AJ24*5 -> 50 | AM24: =AK24*5 -> 0 | AN24: 11 | AO24: 0 | AP24: 55 | AQ24: 0 | AR24: 275 | AS24: 0 | AT24: 11 | AU24: 0 | AV24: 55 | AW24: 0 | AX24: 11 | AY24: 0 | AZ24: 55 | BA24: 0 | BB24: 275 | BC24: 0 | BD24: 11 | BE24: 0 | BF24: =BD24*5 -> 55 | BG24: =BE24*5 -> 0 | BH24: 21 | BI24: =BI23+T24 -> 100 | BJ24: =BJ23+U24 -> 0 | BK24: =BK23+V24 -> 400 | BL24: =BL23+W24 -> 0 | BM24: =BM23+X24 -> 2000 | BN24: =BN23+Y24 -> 0 | BO24: =BO23+Z24 -> 81 | BP24: =BP23+AA24 -> 0 | ... BR24: =BR23+AC24 -> 0 | BS24: 21 | BT24: =BT23+AD24 -> 128 | BU24: =BU23+AE24 -> 0 | BV24: =BV23+AF24 -> 529 | BW24: =BW23+AG24 -> 0 | BX24: =BX23+AH24 -> 2645 | BY24: =BY23+AI24 -> 0 | BZ24: =BZ23+AJ24 -> 105 | CA24: =CA23+AK24 -> 0 | ... CC24: =CC23+AM24 -> 0 | CD24: 21 | CE24: =CE23+AN24 -> 128 | CF24: =CF23+AO24 -> 0 | CG24: =CG23+AP24 -> 640 | CH24: =CH23+AQ24 -> 0 | CI24: =CI23+AR24 -> 3200 | CJ24: =CJ23+AS24 -> 0 | CK24: =CK23+AT24 -> 128 | CL24: =CL23+AU24 -> 0 | ... CN24: =CN23+AW24 -> 0 | CO24: 21 | CP24: =CP23+AX24 -> 128 | CQ24: =CQ23+AY24 -> 0 | CR24: =CR23+AZ24 -> 640 | CS24: =CS23+BA24 -> 0 | CT24: =CT23+BB24 -> 3200 | CU24: =CU23+BC24 -> 0 | CV24: =CV23+BD24 -> 128 | CW24: =CW23+BE24 -> 0 | ... CY24: =CY23+BG24 -> 0 | CZ24: 21 | DA24: 16000 | DB24: =DA24+DB23 -> 100600 | DD24: =DC24+DD23 -> 50 | DH24: 21 | DI24: 30000 | DJ24: 60000 | DK24: 120000 | DL24: 21 | DM24: 60000 | DN24: 90000 | DO24: 180000 | DP24: 21 | DQ24: 120000 | DR24: 240000 | DS24: 21 | DT24: =DI24+DT23 -> 196000 | DU24: =DJ24+DU23 -> 392000 | DV24: =DK24+DV23 -> 784000 | DW24: =DM24+DW23 -> 392000 | DX24: =DN24+DX23 -> 588000 | DY24: =DO24+DY23 -> 1176000 | DZ24: 0 | EA24: =DQ24+EA23 -> 784000 | EB24: =DR24+EB23 -> 1568000 | EC24: 21 | EE24: =ED24+EE23 -> 0
A25: 22 | B25: 120 | C25: =C24+B25 -> 1280 | D25: 22 | E25: 2009 | F25: =F24+E25 -> 15636 | G25: SS0 | H25: 58000 | I25: =H25+I24 -> 539880 | J25: 8000 | K25: =J25+K24 -> 54704 | L25: Iconic Villa-4 | M25: 120000 | N25: =M25+N24 -> 1285000 | O25: 2000 | P25: =O25+P24 -> 28800 | S25: 22 | T25: 8 | U25: 0 | V25: 32 | W25: 0 | X25: 160 | Y25: 0 | Z25: 6 | AA25: 0 | AB25: 30 | AC25: 0 | AD25: 11 | AE25: 0 | AF25: 48 | AG25: 0 | AH25: 240 | AI25: 0 | AJ25: 10 | AK25: 0 | AL25: =AJ25*5 -> 50 | AM25: =AK25*5 -> 0 | AN25: 11 | AO25: 0 | AP25: 55 | AQ25: 0 | AR25: 275 | AS25: 0 | AT25: 11 | AU25: 0 | AV25: 55 | AW25: 0 | AX25: 11 | AY25: 0 | AZ25: 55 | BA25: 0 | BB25: 275 | BC25: 0 | BD25: 11 | BE25: 0 | BF25: =BD25*5 -> 55 | BG25: =BE25*5 -> 0 | BH25: 22 | BI25: =BI24+T25 -> 108 | BJ25: =BJ24+U25 -> 0 | BK25: =BK24+V25 -> 432 | BL25: =BL24+W25 -> 0 | BM25: =BM24+X25 -> 2160 | BN25: =BN24+Y25 -> 0 | BO25: =BO24+Z25 -> 87 | BP25: =BP24+AA25 -> 0 | ... BR25: =BR24+AC25 -> 0 | BS25: 22 | BT25: =BT24+AD25 -> 139 | BU25: =BU24+AE25 -> 0 | BV25: =BV24+AF25 -> 577 | BW25: =BW24+AG25 -> 0 | BX25: =BX24+AH25 -> 2885 | BY25: =BY24+AI25 -> 0 | BZ25: =BZ24+AJ25 -> 115 | CA25: =CA24+AK25 -> 0 | ... CC25: =CC24+AM25 -> 0 | CD25: 22 | CE25: =CE24+AN25 -> 139 | CF25: =CF24+AO25 -> 0 | CG25: =CG24+AP25 -> 695 | CH25: =CH24+AQ25 -> 0 | CI25: =CI24+AR25 -> 3475 | CJ25: =CJ24+AS25 -> 0 | CK25: =CK24+AT25 -> 139 | CL25: =CL24+AU25 -> 0 | ... CN25: =CN24+AW25 -> 0 | CO25: 22 | CP25: =CP24+AX25 -> 139 | CQ25: =CQ24+AY25 -> 0 | CR25: =CR24+AZ25 -> 695 | CS25: =CS24+BA25 -> 0 | CT25: =CT24+BB25 -> 3475 | CU25: =CU24+BC25 -> 0 | CV25: =CV24+BD25 -> 139 | CW25: =CW24+BE25 -> 0 | ... CY25: =CY24+BG25 -> 0 | CZ25: 22 | DA25: 18000 | DB25: =DA25+DB24 -> 118600 | DD25: =DC25+DD24 -> 50 | DH25: 22 | DI25: 33000 | DJ25: 66000 | DK25: 132000 | DL25: 22 | DM25: 66000 | DN25: 99000 | DO25: 198000 | DP25: 22 | DQ25: 132000 | DR25: 264000 | DS25: 22 | DT25: =DI25+DT24 -> 229000 | DU25: =DJ25+DU24 -> 458000 | DV25: =DK25+DV24 -> 916000 | DW25: =DM25+DW24 -> 458000 | DX25: =DN25+DX24 -> 687000 | DY25: =DO25+DY24 -> 1374000 | DZ25: 0 | EA25: =DQ25+EA24 -> 916000 | EB25: =DR25+EB24 -> 1832000 | EC25: 22 | EE25: =ED25+EE24 -> 0
A26: 23 | B26: 130 | C26: =C25+B26 -> 1410 | D26: 23 | E26: 2204 | F26: =F25+E26 -> 17840 | G26: SS1 | H26: 66000 | I26: =H26+I25 -> 605880 | J26: 8000 | K26: =J26+K25 -> 62704 | L26: Iconic Villa-5 | M26: 120000 | N26: =M26+N25 -> 1405000 | O26: 2000 | P26: =O26+P25 -> 30800 | S26: 23 | T26: 8 | U26: 0 | V26: 32 | W26: 0 | X26: 160 | Y26: 0 | Z26: 6 | AA26: 0 | AB26: 30 | AC26: 0 | AD26: 11 | AE26: 0 | AF26: 48 | AG26: 0 | AH26: 240 | AI26: 0 | AJ26: 12 | AK26: 0 | AL26: =AJ26*5 -> 60 | AM26: =AK26*5 -> 0 | AN26: 11 | AO26: 0 | AP26: 55 | AQ26: 0 | AR26: 275 | AS26: 0 | AT26: 11 | AU26: 0 | AV26: 55 | AW26: 0 | AX26: 11 | AY26: 0 | AZ26: 55 | BA26: 0 | BB26: 275 | BC26: 0 | BD26: 11 | BE26: 0 | BF26: =BD26*5 -> 55 | BG26: =BE26*5 -> 0 | BH26: 23 | BI26: =BI25+T26 -> 116 | BJ26: =BJ25+U26 -> 0 | BK26: =BK25+V26 -> 464 | BL26: =BL25+W26 -> 0 | BM26: =BM25+X26 -> 2320 | BN26: =BN25+Y26 -> 0 | BO26: =BO25+Z26 -> 93 | BP26: =BP25+AA26 -> 0 | ... BR26: =BR25+AC26 -> 0 | BS26: 23 | BT26: =BT25+AD26 -> 150 | BU26: =BU25+AE26 -> 0 | BV26: =BV25+AF26 -> 625 | BW26: =BW25+AG26 -> 0 | BX26: =BX25+AH26 -> 3125 | BY26: =BY25+AI26 -> 0 | BZ26: =BZ25+AJ26 -> 127 | CA26: =CA25+AK26 -> 0 | ... CC26: =CC25+AM26 -> 0 | CD26: 23 | CE26: =CE25+AN26 -> 150 | CF26: =CF25+AO26 -> 0 | CG26: =CG25+AP26 -> 750 | CH26: =CH25+AQ26 -> 0 | CI26: =CI25+AR26 -> 3750 | CJ26: =CJ25+AS26 -> 0 | CK26: =CK25+AT26 -> 150 | CL26: =CL25+AU26 -> 0 | ... CN26: =CN25+AW26 -> 0 | CO26: 23 | CP26: =CP25+AX26 -> 150 | CQ26: =CQ25+AY26 -> 0 | CR26: =CR25+AZ26 -> 750 | CS26: =CS25+BA26 -> 0 | CT26: =CT25+BB26 -> 3750 | CU26: =CU25+BC26 -> 0 | CV26: =CV25+BD26 -> 150 | CW26: =CW25+BE26 -> 0 | ... CY26: =CY25+BG26 -> 0 | CZ26: 23 | DA26: 20000 | DB26: =DA26+DB25 -> 138600 | DD26: =DC26+DD25 -> 50 | DH26: 23 | DI26: 36000 | DJ26: 72000 | DK26: 144000 | DL26: 23 | DM26: 72000 | DN26: 108000 | DO26: 216000 | DP26: 23 | DQ26: 144000 | DR26: 288000 | DS26: 23 | DT26: =DI26+DT25 -> 265000 | DU26: =DJ26+DU25 -> 530000 | DV26: =DK26+DV25 -> 1060000 | DW26: =DM26+DW25 -> 530000 | DX26: =DN26+DX25 -> 795000 | DY26: =DO26+DY25 -> 1590000 | DZ26: 0 | EA26: =DQ26+EA25 -> 1060000 | EB26: =DR26+EB25 -> 2120000 | EC26: 23 | EE26: =ED26+EE25 -> 0
A27: 24 | B27: 140 | C27: =C26+B27 -> 1550 | D27: 24 | E27: 2408 | F27: =F26+E27 -> 20248 | G27: SS2 | H27: 76000 | I27: =H27+I26 -> 681880 | J27: 11000 | K27: =J27+K26 -> 73704 | L27: Iconic Villa-6 | M27: 120000 | N27: =M27+N26 -> 1525000 | O27: 2000 | P27: =O27+P26 -> 32800 | S27: 24 | T27: 11 | U27: 0 | V27: 44 | W27: 0 | X27: 220 | Y27: 0 | Z27: 9 | AA27: 0 | AB27: 45 | AC27: 0 | AD27: 14 | AE27: 0 | AF27: 56 | AG27: 0 | AH27: 280 | AI27: 0 | AJ27: 12 | AK27: 0 | AL27: =AJ27*5 -> 60 | AM27: =AK27*5 -> 0 | AN27: 14 | AO27: 0 | AP27: 70 | AQ27: 0 | AR27: 350 | AS27: 0 | AT27: 14 | AU27: 0 | AV27: 70 | AW27: 0 | AX27: 14 | AY27: 0 | AZ27: 70 | BA27: 0 | BB27: 350 | BC27: 0 | BD27: 14 | BE27: 0 | BF27: =BD27*5 -> 70 | BG27: =BE27*5 -> 0 | BH27: 24 | BI27: =BI26+T27 -> 127 | BJ27: =BJ26+U27 -> 0 | BK27: =BK26+V27 -> 508 | BL27: =BL26+W27 -> 0 | BM27: =BM26+X27 -> 2540 | BN27: =BN26+Y27 -> 0 | BO27: =BO26+Z27 -> 102 | BP27: =BP26+AA27 -> 0 | ... BR27: =BR26+AC27 -> 0 | BS27: 24 | BT27: =BT26+AD27 -> 164 | BU27: =BU26+AE27 -> 0 | BV27: =BV26+AF27 -> 681 | BW27: =BW26+AG27 -> 0 | BX27: =BX26+AH27 -> 3405 | BY27: =BY26+AI27 -> 0 | BZ27: =BZ26+AJ27 -> 139 | CA27: =CA26+AK27 -> 0 | ... CC27: =CC26+AM27 -> 0 | CD27: 24 | CE27: =CE26+AN27 -> 164 | CF27: =CF26+AO27 -> 0 | CG27: =CG26+AP27 -> 820 | CH27: =CH26+AQ27 -> 0 | CI27: =CI26+AR27 -> 4100 | CJ27: =CJ26+AS27 -> 0 | CK27: =CK26+AT27 -> 164 | CL27: =CL26+AU27 -> 0 | ... CN27: =CN26+AW27 -> 0 | CO27: 24 | CP27: =CP26+AX27 -> 164 | CQ27: =CQ26+AY27 -> 0 | CR27: =CR26+AZ27 -> 820 | CS27: =CS26+BA27 -> 0 | CT27: =CT26+BB27 -> 4100 | CU27: =CU26+BC27 -> 0 | CV27: =CV26+BD27 -> 164 | CW27: =CW26+BE27 -> 0 | ... CY27: =CY26+BG27 -> 0 | CZ27: 24 | DA27: 25000 | DB27: =DA27+DB26 -> 163600 | DD27: =DC27+DD26 -> 50 | DH27: 24 | DI27: 39000 | DJ27: 78000 | DK27: 156000 | DL27: 24 | DM27: 78000 | DN27: 117000 | DO27: 234000 | DP27: 24 | DQ27: 156000 | DR27: 312000 | DS27: 24 | DT27: =DI27+DT26 -> 304000 | DU27: =DJ27+DU26 -> 608000 | DV27: =DK27+DV26 -> 1216000 | DW27: =DM27+DW26 -> 608000 | DX27: =DN27+DX26 -> 912000 | DY27: =DO27+DY26 -> 1824000 | DZ27: 0 | EA27: =DQ27+EA26 -> 1216000 | EB27: =DR27+EB26 -> 2432000 | EC27: 24 | EE27: =ED27+EE26 -> 0
A28: 25 | B28: 150 | C28: =C27+B28 -> 1700 | D28: 25 | E28: 2623 | F28: =F27+E28 -> 22871 | G28: SS3 | H28: 86000 | I28: =H28+I27 -> 767880 | J28: 11000 | K28: =J28+K27 -> 84704 | L28: Iconic Villa-7 | M28: 120000 | N28: =M28+N27 -> 1645000 | O28: 2000 | P28: =O28+P27 -> 34800 | S28: 25 | T28: 11 | U28: 0 | V28: 44 | W28: 0 | X28: 220 | Y28: 0 | Z28: 9 | AA28: 0 | AB28: 45 | AC28: 0 | AD28: 14 | AE28: 0 | AF28: 56 | AG28: 0 | AH28: 280 | AI28: 0 | AJ28: 14 | AK28: 0 | AL28: =AJ28*5 -> 70 | AM28: =AK28*5 -> 0 | AN28: 14 | AO28: 0 | AP28: 70 | AQ28: 0 | AR28: 350 | AS28: 0 | AT28: 14 | AU28: 0 | AV28: 70 | AW28: 0 | AX28: 14 | AY28: 0 | AZ28: 70 | BA28: 0 | BB28: 350 | BC28: 0 | BD28: 14 | BE28: 0 | BF28: =BD28*5 -> 70 | BG28: =BE28*5 -> 0 | BH28: 25 | BI28: =BI27+T28 -> 138 | BJ28: =BJ27+U28 -> 0 | BK28: =BK27+V28 -> 552 | BL28: =BL27+W28 -> 0 | BM28: =BM27+X28 -> 2760 | BN28: =BN27+Y28 -> 0 | BO28: =BO27+Z28 -> 111 | BP28: =BP27+AA28 -> 0 | ... BR28: =BR27+AC28 -> 0 | BS28: 25 | BT28: =BT27+AD28 -> 178 | BU28: =BU27+AE28 -> 0 | BV28: =BV27+AF28 -> 737 | BW28: =BW27+AG28 -> 0 | BX28: =BX27+AH28 -> 3685 | BY28: =BY27+AI28 -> 0 | BZ28: =BZ27+AJ28 -> 153 | CA28: =CA27+AK28 -> 0 | ... CC28: =CC27+AM28 -> 0 | CD28: 25 | CE28: =CE27+AN28 -> 178 | CF28: =CF27+AO28 -> 0 | CG28: =CG27+AP28 -> 890 | CH28: =CH27+AQ28 -> 0 | CI28: =CI27+AR28 -> 4450 | CJ28: =CJ27+AS28 -> 0 | CK28: =CK27+AT28 -> 178 | CL28: =CL27+AU28 -> 0 | ... CN28: =CN27+AW28 -> 0 | CO28: 25 | CP28: =CP27+AX28 -> 178 | CQ28: =CQ27+AY28 -> 0 | CR28: =CR27+AZ28 -> 890 | CS28: =CS27+BA28 -> 0 | CT28: =CT27+BB28 -> 4450 | CU28: =CU27+BC28 -> 0 | CV28: =CV27+BD28 -> 178 | CW28: =CW27+BE28 -> 0 | ... CY28: =CY27+BG28 -> 0 | CZ28: 25 | DA28: 30000 | DB28: =DA28+DB27 -> 193600 | DD28: =DC28+DD27 -> 50 | DH28: 25 | DI28: 42000 | DJ28: 84000 | DK28: 168000 | DL28: 25 | DM28: 84000 | DN28: 126000 | DO28: 252000 | DP28: 25 | DQ28: 168000 | DR28: 336000 | DS28: 25 | DT28: =DI28+DT27 -> 346000 | DU28: =DJ28+DU27 -> 692000 | DV28: =DK28+DV27 -> 1384000 | DW28: =DM28+DW27 -> 692000 | DX28: =DN28+DX27 -> 1038000 | DY28: =DO28+DY27 -> 2076000 | DZ28: 0 | EA28: =DQ28+EA27 -> 1384000 | EB28: =DR28+EB27 -> 2768000 | EC28: 25 | EE28: =ED28+EE27 -> 0
A29: 26 | B29: 160 | C29: =C28+B29 -> 1860 | D29: 26 | E29: 2847 | F29: =F28+E29 -> 25718 | G29: SS4 | H29: 96000 | I29: =H29+I28 -> 863880 | J29: 15000 | K29: =J29+K28 -> 99704 | L29: Iconic Villa-8 | M29: 120000 | N29: =M29+N28 -> 1765000 | O29: 2000 | P29: =O29+P28 -> 36800 | S29: 26 | T29: 11 | U29: 0 | V29: 44 | W29: 0 | X29: 220 | Y29: 0 | Z29: 9 | AA29: 0 | AB29: 45 | AC29: 0 | AD29: 14 | AE29: 0 | AF29: 60 | AG29: 0 | AH29: 300 | AI29: 0 | AJ29: 14 | AK29: 0 | AL29: =AJ29*5 -> 70 | AM29: =AK29*5 -> 0 | AN29: 14 | AO29: 0 | AP29: 70 | AQ29: 0 | AR29: 350 | AS29: 0 | AT29: 14 | AU29: 0 | AV29: 70 | AW29: 0 | AX29: 14 | AY29: 0 | AZ29: 70 | BA29: 0 | BB29: 350 | BC29: 0 | BD29: 14 | BE29: 0 | BF29: =BD29*5 -> 70 | BG29: =BE29*5 -> 0 | BH29: 26 | BI29: =BI28+T29 -> 149 | BJ29: =BJ28+U29 -> 0 | BK29: =BK28+V29 -> 596 | BL29: =BL28+W29 -> 0 | BM29: =BM28+X29 -> 2980 | BN29: =BN28+Y29 -> 0 | BO29: =BO28+Z29 -> 120 | BP29: =BP28+AA29 -> 0 | ... BR29: =BR28+AC29 -> 0 | BS29: 26 | BT29: =BT28+AD29 -> 192 | BU29: =BU28+AE29 -> 0 | BV29: =BV28+AF29 -> 797 | BW29: =BW28+AG29 -> 0 | BX29: =BX28+AH29 -> 3985 | BY29: =BY28+AI29 -> 0 | BZ29: =BZ28+AJ29 -> 167 | CA29: =CA28+AK29 -> 0 | ... CC29: =CC28+AM29 -> 0 | CD29: 26 | CE29: =CE28+AN29 -> 192 | CF29: =CF28+AO29 -> 0 | CG29: =CG28+AP29 -> 960 | CH29: =CH28+AQ29 -> 0 | CI29: =CI28+AR29 -> 4800 | CJ29: =CJ28+AS29 -> 0 | CK29: =CK28+AT29 -> 192 | CL29: =CL28+AU29 -> 0 | ... CN29: =CN28+AW29 -> 0 | CO29: 26 | CP29: =CP28+AX29 -> 192 | CQ29: =CQ28+AY29 -> 0 | CR29: =CR28+AZ29 -> 960 | CS29: =CS28+BA29 -> 0 | CT29: =CT28+BB29 -> 4800 | CU29: =CU28+BC29 -> 0 | CV29: =CV28+BD29 -> 192 | CW29: =CW28+BE29 -> 0 | ... CY29: =CY28+BG29 -> 0 | CZ29: 26 | DA29: 35000 | DB29: =DA29+DB28 -> 228600 | DD29: =DC29+DD28 -> 50 | DH29: 26 | DI29: 45000 | DJ29: 90000 | DK29: 180000 | DL29: 26 | DM29: 90000 | DN29: 135000 | DO29: 270000 | DP29: 26 | DQ29: 180000 | DR29: 360000 | DS29: 26 | DT29: =DI29+DT28 -> 391000 | DU29: =DJ29+DU28 -> 782000 | DV29: =DK29+DV28 -> 1564000 | DW29: =DM29+DW28 -> 782000 | DX29: =DN29+DX28 -> 1173000 | DY29: =DO29+DY28 -> 2346000 | DZ29: 0 | EA29: =DQ29+EA28 -> 1564000 | EB29: =DR29+EB28 -> 3128000 | EC29: 26 | EE29: =ED29+EE28 -> 0
A30: 27 | B30: 170 | C30: =C29+B30 -> 2030 | D30: 27 | E30: 3082 | F30: =F29+E30 -> 28800 | G30: SS5 | H30: 112000 | I30: =H30+I29 -> 975880 | J30: 15000 | K30: =J30+K29 -> 114704 | L30: Iconic Villa-9 | M30: 120000 | N30: =M30+N29 -> 1885000 | O30: 2000 | P30: =O30+P29 -> 38800 | S30: 27 | T30: 11 | U30: 0 | V30: 44 | W30: 0 | X30: 220 | Y30: 0 | Z30: 9 | AA30: 0 | AB30: 45 | AC30: 0 | AD30: 14 | AE30: 0 | AF30: 60 | AG30: 0 | AH30: 300 | AI30: 0 | AJ30: 14 | AK30: 0 | AL30: =AJ30*5 -> 70 | AM30: =AK30*5 -> 0 | AN30: 14 | AO30: 0 | AP30: 70 | AQ30: 0 | AR30: 350 | AS30: 0 | AT30: 14 | AU30: 0 | AV30: 70 | AW30: 0 | AX30: 14 | AY30: 0 | AZ30: 70 | BA30: 0 | BB30: 350 | BC30: 0 | BD30: 14 | BE30: 0 | BF30: =BD30*5 -> 70 | BG30: =BE30*5 -> 0 | BH30: 27 | BI30: =BI29+T30 -> 160 | BJ30: =BJ29+U30 -> 0 | BK30: =BK29+V30 -> 640 | BL30: =BL29+W30 -> 0 | BM30: =BM29+X30 -> 3200 | BN30: =BN29+Y30 -> 0 | BO30: =BO29+Z30 -> 129 | BP30: =BP29+AA30 -> 0 | ... BR30: =BR29+AC30 -> 0 | BS30: 27 | BT30: =BT29+AD30 -> 206 | BU30: =BU29+AE30 -> 0 | BV30: =BV29+AF30 -> 857 | BW30: =BW29+AG30 -> 0 | BX30: =BX29+AH30 -> 4285 | BY30: =BY29+AI30 -> 0 | BZ30: =BZ29+AJ30 -> 181 | CA30: =CA29+AK30 -> 0 | ... CC30: =CC29+AM30 -> 0 | CD30: 27 | CE30: =CE29+AN30 -> 206 | CF30: =CF29+AO30 -> 0 | CG30: =CG29+AP30 -> 1030 | CH30: =CH29+AQ30 -> 0 | CI30: =CI29+AR30 -> 5150 | CJ30: =CJ29+AS30 -> 0 | CK30: =CK29+AT30 -> 206 | CL30: =CL29+AU30 -> 0 | ... CN30: =CN29+AW30 -> 0 | CO30: 27 | CP30: =CP29+AX30 -> 206 | CQ30: =CQ29+AY30 -> 0 | CR30: =CR29+AZ30 -> 1030 | CS30: =CS29+BA30 -> 0 | CT30: =CT29+BB30 -> 5150 | CU30: =CU29+BC30 -> 0 | CV30: =CV29+BD30 -> 206 | CW30: =CW29+BE30 -> 0 | ... CY30: =CY29+BG30 -> 0 | CZ30: 27 | DA30: 40000 | DB30: =DA30+DB29 -> 268600 | DD30: =DC30+DD29 -> 50 | DH30: 27 | DI30: 50000 | DJ30: 100000 | DK30: 200000 | DL30: 27 | DM30: 100000 | DN30: 150000 | DO30: 300000 | DP30: 27 | DQ30: 200000 | DR30: 400000 | DS30: 27 | DT30: =DI30+DT29 -> 441000 | DU30: =DJ30+DU29 -> 882000 | DV30: =DK30+DV29 -> 1764000 | DW30: =DM30+DW29 -> 882000 | DX30: =DN30+DX29 -> 1323000 | DY30: =DO30+DY29 -> 2646000 | DZ30: 0 | EA30: =DQ30+EA29 -> 1764000 | EB30: =DR30+EB29 -> 3528000 | EC30: 27 | EE30: =ED30+EE29 -> 0
A31: 28 | B31: 180 | C31: =C30+B31 -> 2210 | D31: 28 | E31: 3326 | F31: =F30+E31 -> 32126 | G31: SSS0 | H31: 132000 | I31: =H31+I30 -> 1107880 | J31: 20000 | K31: =J31+K30 -> 134704 | L31: Urban Heights-0 | M31: 120000 | N31: =M31+N30 -> 2005000 | O31: 2000 | P31: =O31+P30 -> 40800 | S31: 28 | T31: 12 | U31: 0 | V31: 48 | W31: 0 | X31: 240 | Y31: 0 | Z31: 10 | AA31: 0 | AB31: 50 | AC31: 0 | AD31: 16 | AE31: 0 | AF31: 64 | AG31: 0 | AH31: 320 | AI31: 0 | AJ31: 14 | AK31: 0 | AL31: =AJ31*5 -> 70 | AM31: =AK31*5 -> 0 | AN31: 16 | AO31: 0 | AP31: 80 | AQ31: 0 | AR31: 400 | AS31: 0 | AT31: 16 | AU31: 0 | AV31: 80 | AW31: 0 | AX31: 16 | AY31: 0 | AZ31: 80 | BA31: 0 | BB31: 400 | BC31: 0 | BD31: 16 | BE31: 0 | BF31: =BD31*5 -> 80 | BG31: =BE31*5 -> 0 | BH31: 28 | BI31: =BI30+T31 -> 172 | BJ31: =BJ30+U31 -> 0 | BK31: =BK30+V31 -> 688 | BL31: =BL30+W31 -> 0 | BM31: =BM30+X31 -> 3440 | BN31: =BN30+Y31 -> 0 | BO31: =BO30+Z31 -> 139 | BP31: =BP30+AA31 -> 0 | ... BR31: =BR30+AC31 -> 0 | BS31: 28 | BT31: =BT30+AD31 -> 222 | BU31: =BU30+AE31 -> 0 | BV31: =BV30+AF31 -> 921 | BW31: =BW30+AG31 -> 0 | BX31: =BX30+AH31 -> 4605 | BY31: =BY30+AI31 -> 0 | BZ31: =BZ30+AJ31 -> 195 | CA31: =CA30+AK31 -> 0 | ... CC31: =CC30+AM31 -> 0 | CD31: 28 | CE31: =CE30+AN31 -> 222 | CF31: =CF30+AO31 -> 0 | CG31: =CG30+AP31 -> 1110 | CH31: =CH30+AQ31 -> 0 | CI31: =CI30+AR31 -> 5550 | CJ31: =CJ30+AS31 -> 0 | CK31: =CK30+AT31 -> 222 | CL31: =CL30+AU31 -> 0 | ... CN31: =CN30+AW31 -> 0 | CO31: 28 | CP31: =CP30+AX31 -> 222 | CQ31: =CQ30+AY31 -> 0 | CR31: =CR30+AZ31 -> 1110 | CS31: =CS30+BA31 -> 0 | CT31: =CT30+BB31 -> 5550 | CU31: =CU30+BC31 -> 0 | CV31: =CV30+BD31 -> 222 | CW31: =CW30+BE31 -> 0 | ... CY31: =CY30+BG31 -> 0 | CZ31: 28 | DA31: 45000 | DB31: =DA31+DB30 -> 313600 | DD31: =DC31+DD30 -> 50 | DH31: 28 | DI31: 55000 | DJ31: 110000 | DK31: 220000 | DL31: 28 | DM31: 110000 | DN31: 165000 | DO31: 330000 | DP31: 28 | DQ31: 220000 | DR31: 440000 | DS31: 28 | DT31: =DI31+DT30 -> 496000 | DU31: =DJ31+DU30 -> 992000 | DV31: =DK31+DV30 -> 1984000 | DW31: =DM31+DW30 -> 992000 | DX31: =DN31+DX30 -> 1488000 | DY31: =DO31+DY30 -> 2976000 | DZ31: 0 | EA31: =DQ31+EA30 -> 1984000 | EB31: =DR31+EB30 -> 3968000 | EC31: 28 | EE31: =ED31+EE30 -> 0
A32: 29 | B32: 190 | C32: =C31+B32 -> 2400 | D32: 29 | E32: 3581 | F32: =F31+E32 -> 35707 | G32: SSS1 | H32: 158000 | I32: =H32+I31 -> 1265880 | J32: 20000 | K32: =J32+K31 -> 154704 | L32: Urban Heights-1 | M32: 240000 | N32: =M32+N31 -> 2245000 | P32: =O32+P31 -> 40800 | S32: 29 | T32: 12 | U32: 0 | V32: 48 | W32: 0 | X32: 240 | Y32: 0 | Z32: 10 | AA32: 0 | AB32: 50 | AC32: 0 | AD32: 16 | AE32: 0 | AF32: 68 | AG32: 0 | AH32: 340 | AI32: 0 | AJ32: 16 | AK32: 0 | AL32: =AJ32*5 -> 80 | AM32: =AK32*5 -> 0 | AN32: 16 | AO32: 0 | AP32: 80 | AQ32: 0 | AR32: 400 | AS32: 0 | AT32: 16 | AU32: 0 | AV32: 80 | AW32: 0 | AX32: 16 | AY32: 0 | AZ32: 80 | BA32: 0 | BB32: 400 | BC32: 0 | BD32: 16 | BE32: 0 | BF32: =BD32*5 -> 80 | BG32: =BE32*5 -> 0 | BH32: 29 | BI32: =BI31+T32 -> 184 | BJ32: =BJ31+U32 -> 0 | BK32: =BK31+V32 -> 736 | BL32: =BL31+W32 -> 0 | BM32: =BM31+X32 -> 3680 | BN32: =BN31+Y32 -> 0 | BO32: =BO31+Z32 -> 149 | BP32: =BP31+AA32 -> 0 | ... BR32: =BR31+AC32 -> 0 | BS32: 29 | BT32: =BT31+AD32 -> 238 | BU32: =BU31+AE32 -> 0 | BV32: =BV31+AF32 -> 989 | BW32: =BW31+AG32 -> 0 | BX32: =BX31+AH32 -> 4945 | BY32: =BY31+AI32 -> 0 | BZ32: =BZ31+AJ32 -> 211 | CA32: =CA31+AK32 -> 0 | ... CC32: =CC31+AM32 -> 0 | CD32: 29 | CE32: =CE31+AN32 -> 238 | CF32: =CF31+AO32 -> 0 | CG32: =CG31+AP32 -> 1190 | CH32: =CH31+AQ32 -> 0 | CI32: =CI31+AR32 -> 5950 | CJ32: =CJ31+AS32 -> 0 | CK32: =CK31+AT32 -> 238 | CL32: =CL31+AU32 -> 0 | ... CN32: =CN31+AW32 -> 0 | CO32: 29 | CP32: =CP31+AX32 -> 238 | CQ32: =CQ31+AY32 -> 0 | CR32: =CR31+AZ32 -> 1190 | CS32: =CS31+BA32 -> 0 | CT32: =CT31+BB32 -> 5950 | CU32: =CU31+BC32 -> 0 | CV32: =CV31+BD32 -> 238 | CW32: =CW31+BE32 -> 0 | ... CY32: =CY31+BG32 -> 0 | CZ32: 29 | DA32: 50000 | DB32: =DA32+DB31 -> 363600 | DD32: =DC32+DD31 -> 50 | DH32: 29 | DI32: 60000 | DJ32: 120000 | DK32: 240000 | DL32: 29 | DM32: 120000 | DN32: 180000 | DO32: 360000 | DP32: 29 | DQ32: 240000 | DR32: 480000 | DS32: 29 | DT32: =DI32+DT31 -> 556000 | DU32: =DJ32+DU31 -> 1112000 | DV32: =DK32+DV31 -> 2224000 | DW32: =DM32+DW31 -> 1112000 | DX32: =DN32+DX31 -> 1668000 | DY32: =DO32+DY31 -> 3336000 | DZ32: 0 | EA32: =DQ32+EA31 -> 2224000 | EB32: =DR32+EB31 -> 4448000 | EC32: 29 | EE32: =ED32+EE31 -> 0
A33: 30 | B33: 200 | C33: =C32+B33 -> 2600 | D33: 30 | E33: 3847 | F33: =F32+E33 -> 39554 | G33: SSS2 | H33: 0 | I33: =H33+I32 -> 1265880 | K33: =J33+K32 -> 154704 | L33: Urban Heights-2 | M33: 240000 | N33: =M33+N32 -> 2485000 | P33: =O33+P32 -> 40800 | S33: 30 | T33: 12 | U33: 1 | V33: 48 | W33: 4 | X33: 240 | Y33: 20 | Z33: 10 | AA33: 1 | AB33: 50 | AC33: 5 | AD33: 16 | AE33: 1 | AF33: 68 | AG33: 6 | AH33: 340 | AI33: 30 | AJ33: 16 | AK33: 1 | AL33: =AJ33*5 -> 80 | AM33: =AK33*5 -> 5 | AN33: 16 | AO33: 1 | AP33: 80 | AQ33: 5 | AR33: 400 | AS33: 25 | AT33: 16 | AU33: 1 | AV33: 80 | AW33: 5 | AX33: 16 | AY33: 1 | AZ33: 80 | BA33: 5 | BB33: 400 | BC33: 25 | BD33: 16 | BE33: 1 | BF33: =BD33*5 -> 80 | BG33: =BE33*5 -> 5 | BH33: 30 | BI33: =BI32+T33 -> 196 | BJ33: =BJ32+U33 -> 1 | BK33: =BK32+V33 -> 784 | BL33: =BL32+W33 -> 4 | BM33: =BM32+X33 -> 3920 | BN33: =BN32+Y33 -> 20 | BO33: =BO32+Z33 -> 159 | BP33: =BP32+AA33 -> 1 | ... BR33: =BR32+AC33 -> 5 | BS33: 30 | BT33: =BT32+AD33 -> 254 | BU33: =BU32+AE33 -> 1 | BV33: =BV32+AF33 -> 1057 | BW33: =BW32+AG33 -> 6 | BX33: =BX32+AH33 -> 5285 | BY33: =BY32+AI33 -> 30 | BZ33: =BZ32+AJ33 -> 227 | CA33: =CA32+AK33 -> 1 | ... CC33: =CC32+AM33 -> 5 | CD33: 30 | CE33: =CE32+AN33 -> 254 | CF33: =CF32+AO33 -> 1 | CG33: =CG32+AP33 -> 1270 | CH33: =CH32+AQ33 -> 5 | CI33: =CI32+AR33 -> 6350 | CJ33: =CJ32+AS33 -> 25 | CK33: =CK32+AT33 -> 254 | CL33: =CL32+AU33 -> 1 | ... CN33: =CN32+AW33 -> 5 | CO33: 30 | CP33: =CP32+AX33 -> 254 | CQ33: =CQ32+AY33 -> 1 | CR33: =CR32+AZ33 -> 1270 | CS33: =CS32+BA33 -> 5 | CT33: =CT32+BB33 -> 6350 | CU33: =CU32+BC33 -> 25 | CV33: =CV32+BD33 -> 254 | CW33: =CW32+BE33 -> 1 | ... CY33: =CY32+BG33 -> 5 | CZ33: 30 | DA33: 65000 | DB33: =DA33+DB32 -> 428600 | DC33: 100 | DD33: =DC33+DD32 -> 150 | DH33: 30 | DI33: 62500 | DJ33: 125000 | DK33: 250000 | DL33: 30 | DM33: 125000 | DN33: 187500 | DO33: 375000 | DP33: 30 | DQ33: 250000 | DR33: 500000 | DS33: 30 | DT33: =DI33+DT32 -> 618500 | DU33: =DJ33+DU32 -> 1237000 | DV33: =DK33+DV32 -> 2474000 | DW33: =DM33+DW32 -> 1237000 | DX33: =DN33+DX32 -> 1855500 | DY33: =DO33+DY32 -> 3711000 | DZ33: 0 | EA33: =DQ33+EA32 -> 2474000 | EB33: =DR33+EB32 -> 4948000 | EC33: 30 | ED33: 1 | EE33: =ED33+EE32 -> 1
A34: 31 | B34: 210 | C34: =C33+B34 -> 2810 | D34: 31 | E34: 4123 | F34: =F33+E34 -> 43677 | G34: SSS3 | H34: 0 | I34: =H34+I33 -> 1265880 | K34: =J34+K33 -> 154704 | L34: Urban Heights-3 | M34: 240000 | N34: =M34+N33 -> 2725000 | P34: =O34+P33 -> 40800 | S34: 31 | T34: 14 | U34: 2 | V34: 56 | W34: 8 | X34: 280 | Y34: 40 | Z34: 11 | AA34: 2 | AB34: 55 | AC34: 10 | AD34: 18 | AE34: 2 | AF34: 72 | AG34: 8 | AH34: 360 | AI34: 40 | AJ34: 18 | AK34: 1 | AL34: =AJ34*5 -> 90 | AM34: =AK34*5 -> 5 | AN34: 18 | AO34: 2 | AP34: 90 | AQ34: 10 | AR34: 450 | AS34: 50 | AT34: 18 | AU34: 2 | AV34: 90 | AW34: 10 | AX34: 18 | AY34: 2 | AZ34: 90 | BA34: 10 | BB34: 450 | BC34: 50 | BD34: 18 | BE34: 2 | BF34: =BD34*5 -> 90 | BG34: =BE34*5 -> 10 | BH34: 31 | BI34: =BI33+T34 -> 210 | BJ34: =BJ33+U34 -> 3 | BK34: =BK33+V34 -> 840 | BL34: =BL33+W34 -> 12 | BM34: =BM33+X34 -> 4200 | BN34: =BN33+Y34 -> 60 | BO34: =BO33+Z34 -> 170 | BP34: =BP33+AA34 -> 3 | ... BR34: =BR33+AC34 -> 15 | BS34: 31 | BT34: =BT33+AD34 -> 272 | BU34: =BU33+AE34 -> 3 | BV34: =BV33+AF34 -> 1129 | BW34: =BW33+AG34 -> 14 | BX34: =BX33+AH34 -> 5645 | BY34: =BY33+AI34 -> 70 | BZ34: =BZ33+AJ34 -> 245 | CA34: =CA33+AK34 -> 2 | ... CC34: =CC33+AM34 -> 10 | CD34: 31 | CE34: =CE33+AN34 -> 272 | CF34: =CF33+AO34 -> 3 | CG34: =CG33+AP34 -> 1360 | CH34: =CH33+AQ34 -> 15 | CI34: =CI33+AR34 -> 6800 | CJ34: =CJ33+AS34 -> 75 | CK34: =CK33+AT34 -> 272 | CL34: =CL33+AU34 -> 3 | ... CN34: =CN33+AW34 -> 15 | CO34: 31 | CP34: =CP33+AX34 -> 272 | CQ34: =CQ33+AY34 -> 3 | CR34: =CR33+AZ34 -> 1360 | CS34: =CS33+BA34 -> 15 | CT34: =CT33+BB34 -> 6800 | CU34: =CU33+BC34 -> 75 | CV34: =CV33+BD34 -> 272 | CW34: =CW33+BE34 -> 3 | ... CY34: =CY33+BG34 -> 15 | CZ34: 31 | DA34: 70000 | DB34: =DA34+DB33 -> 498600 | DD34: =DC34+DD33 -> 150 | DH34: 31 | DI34: 65000 | DJ34: 130000 | DK34: 260000 | DL34: 31 | DM34: 130000 | DN34: 195000 | DO34: 390000 | DP34: 31 | DQ34: 260000 | DR34: 520000 | DS34: 31 | DT34: =DI34+DT33 -> 683500 | DU34: =DJ34+DU33 -> 1367000 | DV34: =DK34+DV33 -> 2734000 | DW34: =DM34+DW33 -> 1367000 | DX34: =DN34+DX33 -> 2050500 | DY34: =DO34+DY33 -> 4101000 | DZ34: 0 | EA34: =DQ34+EA33 -> 2734000 | EB34: =DR34+EB33 -> 5468000 | EC34: 31 | EE34: =ED34+EE33 -> 1
A35: 32 | B35: 220 | C35: =C34+B35 -> 3030 | D35: 32 | E35: 4409 | F35: =F34+E35 -> 48086 | G35: SSS4 | H35: 0 | I35: =H35+I34 -> 1265880 | K35: =J35+K34 -> 154704 | L35: Urban Heights-4 | M35: 240000 | N35: =M35+N34 -> 2965000 | P35: =O35+P34 -> 40800 | S35: 32 | T35: 14 | U35: 2 | V35: 56 | W35: 8 | X35: 280 | Y35: 40 | Z35: 11 | AA35: 2 | AB35: 55 | AC35: 10 | AD35: 18 | AE35: 2 | AF35: 80 | AG35: 8 | AH35: 400 | AI35: 40 | AJ35: 18 | AK35: 2 | AL35: =AJ35*5 -> 90 | AM35: =AK35*5 -> 10 | AN35: 18 | AO35: 2 | AP35: 90 | AQ35: 10 | AR35: 450 | AS35: 50 | AT35: 18 | AU35: 2 | AV35: 90 | AW35: 10 | AX35: 18 | AY35: 2 | AZ35: 90 | BA35: 10 | BB35: 450 | BC35: 50 | BD35: 18 | BE35: 2 | BF35: =BD35*5 -> 90 | BG35: =BE35*5 -> 10 | BH35: 32 | BI35: =BI34+T35 -> 224 | BJ35: =BJ34+U35 -> 5 | BK35: =BK34+V35 -> 896 | BL35: =BL34+W35 -> 20 | BM35: =BM34+X35 -> 4480 | BN35: =BN34+Y35 -> 100 | BO35: =BO34+Z35 -> 181 | BP35: =BP34+AA35 -> 5 | ... BR35: =BR34+AC35 -> 25 | BS35: 32 | BT35: =BT34+AD35 -> 290 | BU35: =BU34+AE35 -> 5 | BV35: =BV34+AF35 -> 1209 | BW35: =BW34+AG35 -> 22 | BX35: =BX34+AH35 -> 6045 | BY35: =BY34+AI35 -> 110 | BZ35: =BZ34+AJ35 -> 263 | CA35: =CA34+AK35 -> 4 | ... CC35: =CC34+AM35 -> 20 | CD35: 32 | CE35: =CE34+AN35 -> 290 | CF35: =CF34+AO35 -> 5 | CG35: =CG34+AP35 -> 1450 | CH35: =CH34+AQ35 -> 25 | CI35: =CI34+AR35 -> 7250 | CJ35: =CJ34+AS35 -> 125 | CK35: =CK34+AT35 -> 290 | CL35: =CL34+AU35 -> 5 | ... CN35: =CN34+AW35 -> 25 | CO35: 32 | CP35: =CP34+AX35 -> 290 | CQ35: =CQ34+AY35 -> 5 | CR35: =CR34+AZ35 -> 1450 | CS35: =CS34+BA35 -> 25 | CT35: =CT34+BB35 -> 7250 | CU35: =CU34+BC35 -> 125 | CV35: =CV34+BD35 -> 290 | CW35: =CW34+BE35 -> 5 | ... CY35: =CY34+BG35 -> 25 | CZ35: 32 | DA35: 75000 | DB35: =DA35+DB34 -> 573600 | DD35: =DC35+DD34 -> 150 | DH35: 32 | DI35: 67500 | DJ35: 135000 | DK35: 270000 | DL35: 32 | DM35: 135000 | DN35: 202500 | DO35: 405000 | DP35: 32 | DQ35: 270000 | DR35: 540000 | DS35: 32 | DT35: =DI35+DT34 -> 751000 | DU35: =DJ35+DU34 -> 1502000 | DV35: =DK35+DV34 -> 3004000 | DW35: =DM35+DW34 -> 1502000 | DX35: =DN35+DX34 -> 2253000 | DY35: =DO35+DY34 -> 4506000 | DZ35: 0 | EA35: =DQ35+EA34 -> 3004000 | EB35: =DR35+EB34 -> 6008000 | EC35: 32 | EE35: =ED35+EE34 -> 1
A36: 33 | B36: 230 | C36: =C35+B36 -> 3260 | D36: 33 | E36: 4706 | F36: =F35+E36 -> 52792 | G36: SSS5 | H36: 0 | I36: =H36+I35 -> 1265880 | K36: =J36+K35 -> 154704 | L36: Urban Heights-5 | M36: 240000 | N36: =M36+N35 -> 3205000 | P36: =O36+P35 -> 40800 | S36: 33 | T36: 15 | U36: 2 | V36: 60 | W36: 8 | X36: 300 | Y36: 40 | Z36: 12 | AA36: 2 | AB36: 60 | AC36: 10 | AD36: 20 | AE36: 2 | AF36: 80 | AG36: 10 | AH36: 400 | AI36: 50 | AJ36: 20 | AK36: 2 | AL36: =AJ36*5 -> 100 | AM36: =AK36*5 -> 10 | AN36: 20 | AO36: 2 | AP36: 100 | AQ36: 10 | AR36: 500 | AS36: 50 | AT36: 20 | AU36: 2 | AV36: 100 | AW36: 10 | AX36: 20 | AY36: 2 | AZ36: 100 | BA36: 10 | BB36: 500 | BC36: 50 | BD36: 20 | BE36: 2 | BF36: =BD36*5 -> 100 | BG36: =BE36*5 -> 10 | BH36: 33 | BI36: =BI35+T36 -> 239 | BJ36: =BJ35+U36 -> 7 | BK36: =BK35+V36 -> 956 | BL36: =BL35+W36 -> 28 | BM36: =BM35+X36 -> 4780 | BN36: =BN35+Y36 -> 140 | BO36: =BO35+Z36 -> 193 | BP36: =BP35+AA36 -> 7 | ... BR36: =BR35+AC36 -> 35 | BS36: 33 | BT36: =BT35+AD36 -> 310 | BU36: =BU35+AE36 -> 7 | BV36: =BV35+AF36 -> 1289 | BW36: =BW35+AG36 -> 32 | BX36: =BX35+AH36 -> 6445 | BY36: =BY35+AI36 -> 160 | BZ36: =BZ35+AJ36 -> 283 | CA36: =CA35+AK36 -> 6 | ... CC36: =CC35+AM36 -> 30 | CD36: 33 | CE36: =CE35+AN36 -> 310 | CF36: =CF35+AO36 -> 7 | CG36: =CG35+AP36 -> 1550 | CH36: =CH35+AQ36 -> 35 | CI36: =CI35+AR36 -> 7750 | CJ36: =CJ35+AS36 -> 175 | CK36: =CK35+AT36 -> 310 | CL36: =CL35+AU36 -> 7 | ... CN36: =CN35+AW36 -> 35 | CO36: 33 | CP36: =CP35+AX36 -> 310 | CQ36: =CQ35+AY36 -> 7 | CR36: =CR35+AZ36 -> 1550 | CS36: =CS35+BA36 -> 35 | CT36: =CT35+BB36 -> 7750 | CU36: =CU35+BC36 -> 175 | CV36: =CV35+BD36 -> 310 | CW36: =CW35+BE36 -> 7 | ... CY36: =CY35+BG36 -> 35 | CZ36: 33 | DA36: 80000 | DB36: =DA36+DB35 -> 653600 | DD36: =DC36+DD35 -> 150 | DH36: 33 | DI36: 70000 | DJ36: 140000 | DK36: 280000 | DL36: 33 | DM36: 140000 | DN36: 210000 | DO36: 420000 | DP36: 33 | DQ36: 280000 | DR36: 560000 | DS36: 33 | DT36: =DI36+DT35 -> 821000 | DU36: =DJ36+DU35 -> 1642000 | DV36: =DK36+DV35 -> 3284000 | DW36: =DM36+DW35 -> 1642000 | DX36: =DN36+DX35 -> 2463000 | DY36: =DO36+DY35 -> 4926000 | DZ36: 0 | EA36: =DQ36+EA35 -> 3284000 | EB36: =DR36+EB35 -> 6568000 | EC36: 33 | EE36: =ED36+EE35 -> 1
A37: 34 | B37: 240 | C37: =C36+B37 -> 3500 | D37: 34 | E37: 5013 | F37: =F36+E37 -> 57805 | H37: 0 | I37: =H37+I36 -> 1265880 | K37: =J37+K36 -> 154704 | L37: Urban Heights-6 | M37: 240000 | N37: =M37+N36 -> 3445000 | P37: =O37+P36 -> 40800 | S37: 34 | T37: 15 | U37: 2 | V37: 60 | W37: 8 | X37: 300 | Y37: 40 | Z37: 12 | AA37: 2 | AB37: 60 | AC37: 10 | AD37: 20 | AE37: 2 | AF37: 80 | AG37: 10 | AH37: 400 | AI37: 50 | AJ37: 20 | AK37: 2 | AL37: =AJ37*5 -> 100 | AM37: =AK37*5 -> 10 | AN37: 20 | AO37: 2 | AP37: 100 | AQ37: 10 | AR37: 500 | AS37: 50 | AT37: 20 | AU37: 2 | AV37: 100 | AW37: 10 | AX37: 20 | AY37: 2 | AZ37: 100 | BA37: 10 | BB37: 500 | BC37: 50 | BD37: 20 | BE37: 2 | BF37: =BD37*5 -> 100 | BG37: =BE37*5 -> 10 | BH37: 34 | BI37: =BI36+T37 -> 254 | BJ37: =BJ36+U37 -> 9 | BK37: =BK36+V37 -> 1016 | BL37: =BL36+W37 -> 36 | BM37: =BM36+X37 -> 5080 | BN37: =BN36+Y37 -> 180 | BO37: =BO36+Z37 -> 205 | BP37: =BP36+AA37 -> 9 | ... BR37: =BR36+AC37 -> 45 | BS37: 34 | BT37: =BT36+AD37 -> 330 | BU37: =BU36+AE37 -> 9 | BV37: =BV36+AF37 -> 1369 | BW37: =BW36+AG37 -> 42 | BX37: =BX36+AH37 -> 6845 | BY37: =BY36+AI37 -> 210 | BZ37: =BZ36+AJ37 -> 303 | CA37: =CA36+AK37 -> 8 | ... CC37: =CC36+AM37 -> 40 | CD37: 34 | CE37: =CE36+AN37 -> 330 | CF37: =CF36+AO37 -> 9 | CG37: =CG36+AP37 -> 1650 | CH37: =CH36+AQ37 -> 45 | CI37: =CI36+AR37 -> 8250 | CJ37: =CJ36+AS37 -> 225 | CK37: =CK36+AT37 -> 330 | CL37: =CL36+AU37 -> 9 | ... CN37: =CN36+AW37 -> 45 | CO37: 34 | CP37: =CP36+AX37 -> 330 | CQ37: =CQ36+AY37 -> 9 | CR37: =CR36+AZ37 -> 1650 | CS37: =CS36+BA37 -> 45 | CT37: =CT36+BB37 -> 8250 | CU37: =CU36+BC37 -> 225 | CV37: =CV36+BD37 -> 330 | CW37: =CW36+BE37 -> 9 | ... CY37: =CY36+BG37 -> 45 | CZ37: 34 | DA37: 85000 | DB37: =DA37+DB36 -> 738600 | DD37: =DC37+DD36 -> 150 | DH37: 34 | DI37: 72500 | DJ37: 145000 | DK37: 290000 | DL37: 34 | DM37: 145000 | DN37: 217500 | DO37: 435000 | DP37: 34 | DQ37: 290000 | DR37: 580000 | DS37: 34 | DT37: =DI37+DT36 -> 893500 | DU37: =DJ37+DU36 -> 1787000 | DV37: =DK37+DV36 -> 3574000 | DW37: =DM37+DW36 -> 1787000 | DX37: =DN37+DX36 -> 2680500 | DY37: =DO37+DY36 -> 5361000 | DZ37: 0 | EA37: =DQ37+EA36 -> 3574000 | EB37: =DR37+EB36 -> 7148000 | EC37: 34 | EE37: =ED37+EE36 -> 1
A38: 35 | B38: 250 | C38: =C37+B38 -> 3750 | D38: 35 | E38: 5332 | F38: =F37+E38 -> 63137 | L38: Urban Heights-7 | M38: 240000 | N38: =M38+N37 -> 3685000 | P38: =O38+P37 -> 40800 | S38: 35 | T38: 15 | U38: 2 | V38: 60 | W38: 8 | X38: 300 | Y38: 40 | Z38: 12 | AA38: 2 | AB38: 60 | AC38: 10 | AD38: 20 | AE38: 3 | AF38: 80 | AG38: 8 | AH38: 400 | AI38: 40 | AJ38: 25 | AK38: 3 | AL38: =AJ38*5 -> 125 | AM38: =AK38*5 -> 15 | AN38: 20 | AO38: 3 | AP38: 100 | AQ38: 15 | AR38: 500 | AS38: 75 | AT38: 20 | AU38: 3 | AV38: 100 | AW38: 15 | AX38: 20 | AY38: 3 | AZ38: 100 | BA38: 15 | BB38: 500 | BC38: 75 | BD38: 20 | BE38: 3 | BF38: =BD38*5 -> 100 | BG38: =BE38*5 -> 15 | BH38: 35 | BI38: =BI37+T38 -> 269 | BJ38: =BJ37+U38 -> 11 | BK38: =BK37+V38 -> 1076 | BL38: =BL37+W38 -> 44 | BM38: =BM37+X38 -> 5380 | BN38: =BN37+Y38 -> 220 | BO38: =BO37+Z38 -> 217 | BP38: =BP37+AA38 -> 11 | ... BR38: =BR37+AC38 -> 55 | BS38: 35 | BT38: =BT37+AD38 -> 350 | BU38: =BU37+AE38 -> 12 | BV38: =BV37+AF38 -> 1449 | BW38: =BW37+AG38 -> 50 | BX38: =BX37+AH38 -> 7245 | BY38: =BY37+AI38 -> 250 | BZ38: =BZ37+AJ38 -> 328 | CA38: =CA37+AK38 -> 11 | ... CC38: =CC37+AM38 -> 55 | CD38: 35 | CE38: =CE37+AN38 -> 350 | CF38: =CF37+AO38 -> 12 | CG38: =CG37+AP38 -> 1750 | CH38: =CH37+AQ38 -> 60 | CI38: =CI37+AR38 -> 8750 | CJ38: =CJ37+AS38 -> 300 | CK38: =CK37+AT38 -> 350 | CL38: =CL37+AU38 -> 12 | ... CN38: =CN37+AW38 -> 60 | CO38: 35 | CP38: =CP37+AX38 -> 350 | CQ38: =CQ37+AY38 -> 12 | CR38: =CR37+AZ38 -> 1750 | CS38: =CS37+BA38 -> 60 | CT38: =CT37+BB38 -> 8750 | CU38: =CU37+BC38 -> 300 | CV38: =CV37+BD38 -> 350 | CW38: =CW37+BE38 -> 12 | ... CY38: =CY37+BG38 -> 60 | CZ38: 35 | DA38: 90000 | DB38: =DA38+DB37 -> 828600 | DD38: =DC38+DD37 -> 150 | DH38: 35 | DI38: 75000 | DJ38: 150000 | DK38: 300000 | DL38: 35 | DM38: 150000 | DN38: 225000 | DO38: 450000 | DP38: 35 | DQ38: 300000 | DR38: 600000 | DS38: 35 | DT38: =DI38+DT37 -> 968500 | DU38: =DJ38+DU37 -> 1937000 | DV38: =DK38+DV37 -> 3874000 | DW38: =DM38+DW37 -> 1937000 | DX38: =DN38+DX37 -> 2905500 | DY38: =DO38+DY37 -> 5811000 | DZ38: 0 | EA38: =DQ38+EA37 -> 3874000 | EB38: =DR38+EB37 -> 7748000 | EC38: 35 | ED38: 1 | EE38: =ED38+EE37 -> 2
A39: 36 | B39: 260 | C39: =C38+B39 -> 4010 | D39: 36 | E39: 5661 | F39: =F38+E39 -> 68798 | L39: Urban Heights-8 | M39: 240000 | N39: =M39+N38 -> 3925000 | P39: =O39+P38 -> 40800 | S39: 36 | T39: 19 | U39: 2 | V39: 76 | W39: 8 | X39: 380 | Y39: 40 | Z39: 15 | AA39: 2 | AB39: 75 | AC39: 10 | AD39: 25 | AE39: 3 | AF39: 100 | AG39: 12 | AH39: 500 | AI39: 60 | AJ39: 25 | AK39: 3 | AL39: =AJ39*5 -> 125 | AM39: =AK39*5 -> 15 | AN39: 25 | AO39: 3 | AP39: 125 | AQ39: 15 | AR39: 625 | AS39: 75 | AT39: 25 | AU39: 3 | AV39: 125 | AW39: 15 | AX39: 25 | AY39: 3 | AZ39: 125 | BA39: 15 | BB39: 625 | BC39: 75 | BD39: 25 | BE39: 3 | BF39: 125 | BG39: 15 | BH39: 36 | BI39: =BI38+T39 -> 288 | BJ39: =BJ38+U39 -> 13 | BK39: =BK38+V39 -> 1152 | BL39: =BL38+W39 -> 52 | BM39: =BM38+X39 -> 5760 | BN39: =BN38+Y39 -> 260 | BO39: =BO38+Z39 -> 232 | BP39: =BP38+AA39 -> 13 | ... BR39: =BR38+AC39 -> 65 | BS39: 36 | BT39: =BT38+AD39 -> 375 | BU39: =BU38+AE39 -> 15 | BV39: =BV38+AF39 -> 1549 | BW39: =BW38+AG39 -> 62 | BX39: =BX38+AH39 -> 7745 | BY39: =BY38+AI39 -> 310 | BZ39: =BZ38+AJ39 -> 353 | CA39: =CA38+AK39 -> 14 | ... CC39: =CC38+AM39 -> 70 | CD39: 36 | CE39: =CE38+AN39 -> 375 | CF39: =CF38+AO39 -> 15 | CG39: =CG38+AP39 -> 1875 | CH39: =CH38+AQ39 -> 75 | CI39: =CI38+AR39 -> 9375 | CJ39: =CJ38+AS39 -> 375 | CK39: =CK38+AT39 -> 375 | CL39: =CL38+AU39 -> 15 | ... CN39: =CN38+AW39 -> 75 | CO39: 36 | CP39: =CP38+AX39 -> 375 | CQ39: =CQ38+AY39 -> 15 | CR39: =CR38+AZ39 -> 1875 | CS39: =CS38+BA39 -> 75 | CT39: =CT38+BB39 -> 9375 | CU39: =CU38+BC39 -> 375 | CV39: =CV38+BD39 -> 375 | CW39: =CW38+BE39 -> 15 | ... CY39: =CY38+BG39 -> 75 | CZ39: 36 | DA39: 95000 | DB39: =DA39+DB38 -> 923600 | DD39: =DC39+DD38 -> 150 | DH39: 36 | DI39: 77500 | DJ39: 155000 | DK39: 310000 | DL39: 36 | DM39: 155000 | DN39: 232500 | DO39: 465000 | DP39: 36 | DQ39: 310000 | DR39: 620000 | DS39: 36 | DT39: =DI39+DT38 -> 1046000 | DU39: =DJ39+DU38 -> 2092000 | DV39: =DK39+DV38 -> 4184000 | DW39: =DM39+DW38 -> 2092000 | DX39: =DN39+DX38 -> 3138000 | DY39: =DO39+DY38 -> 6276000 | DZ39: 0 | EA39: =DQ39+EA38 -> 4184000 | EB39: =DR39+EB38 -> 8368000 | EC39: 36 | EE39: =ED39+EE38 -> 2
A40: 37 | B40: 270 | C40: =C39+B40 -> 4280 | D40: 37 | E40: 6000 | F40: =F39+E40 -> 74798 | L40: Urban Heights-9 | M40: 240000 | N40: =M40+N39 -> 4165000 | P40: =O40+P39 -> 40800 | S40: 37 | T40: 19 | U40: 3 | V40: 76 | W40: 12 | X40: 380 | Y40: 60 | Z40: 15 | AA40: 2 | AB40: 75 | AC40: 10 | AD40: 25 | AE40: 4 | AF40: 120 | AG40: 16 | AH40: 600 | AI40: 80 | AJ40: 30 | AK40: 3 | AL40: =AJ40*5 -> 150 | AM40: =AK40*5 -> 15 | AN40: 25 | AO40: 4 | AP40: 125 | AQ40: 20 | AR40: 625 | AS40: 100 | AT40: 25 | AU40: 4 | AV40: 125 | AW40: 20 | AX40: 25 | AY40: 4 | AZ40: 125 | BA40: 20 | BB40: 625 | BC40: 100 | BD40: 25 | BE40: 4 | BF40: =BD40*5 -> 125 | BG40: =BE40*5 -> 20 | BH40: 37 | BI40: =BI39+T40 -> 307 | BJ40: =BJ39+U40 -> 16 | BK40: =BK39+V40 -> 1228 | BL40: =BL39+W40 -> 64 | BM40: =BM39+X40 -> 6140 | BN40: =BN39+Y40 -> 320 | BO40: =BO39+Z40 -> 247 | BP40: =BP39+AA40 -> 15 | ... BR40: =BR39+AC40 -> 75 | BS40: 37 | BT40: =BT39+AD40 -> 400 | BU40: =BU39+AE40 -> 19 | BV40: =BV39+AF40 -> 1669 | BW40: =BW39+AG40 -> 78 | BX40: =BX39+AH40 -> 8345 | BY40: =BY39+AI40 -> 390 | BZ40: =BZ39+AJ40 -> 383 | CA40: =CA39+AK40 -> 17 | ... CC40: =CC39+AM40 -> 85 | CD40: 37 | CE40: =CE39+AN40 -> 400 | CF40: =CF39+AO40 -> 19 | CG40: =CG39+AP40 -> 2000 | CH40: =CH39+AQ40 -> 95 | CI40: =CI39+AR40 -> 10000 | CJ40: =CJ39+AS40 -> 475 | CK40: =CK39+AT40 -> 400 | CL40: =CL39+AU40 -> 19 | ... CN40: =CN39+AW40 -> 95 | CO40: 37 | CP40: =CP39+AX40 -> 400 | CQ40: =CQ39+AY40 -> 19 | CR40: =CR39+AZ40 -> 2000 | CS40: =CS39+BA40 -> 95 | CT40: =CT39+BB40 -> 10000 | CU40: =CU39+BC40 -> 475 | CV40: =CV39+BD40 -> 400 | CW40: =CW39+BE40 -> 19 | ... CY40: =CY39+BG40 -> 95 | CZ40: 37 | DA40: 110000 | DB40: =DA40+DB39 -> 1033600 | DD40: =DC40+DD39 -> 150 | DH40: 37 | DI40: 80000 | DJ40: 160000 | DK40: 320000 | DL40: 37 | DM40: 160000 | DN40: 240000 | DO40: 480000 | DP40: 37 | DQ40: 320000 | DR40: 640000 | DS40: 37 | DT40: =DI40+DT39 -> 1126000 | DU40: =DJ40+DU39 -> 2252000 | DV40: =DK40+DV39 -> 4504000 | DW40: =DM40+DW39 -> 2252000 | DX40: =DN40+DX39 -> 3378000 | DY40: =DO40+DY39 -> 6756000 | DZ40: 0 | EA40: =DQ40+EA39 -> 4504000 | EB40: =DR40+EB39 -> 9008000 | EC40: 37 | EE40: =ED40+EE39 -> 2
A41: 38 | B41: 280 | C41: =C40+B41 -> 4560 | D41: 38 | E41: 6351 | F41: =F40+E41 -> 81149 | L41: Urban Heights-10 | M41: 240000 | N41: =M41+N40 -> 4405000 | P41: =O41+P40 -> 40800 | S41: 38 | T41: 23 | U41: 3 | V41: 92 | W41: 12 | X41: 460 | Y41: 60 | Z41: 18 | AA41: 2 | AB41: 90 | AC41: 10 | AD41: 30 | AE41: 4 | AF41: 120 | AG41: 16 | AH41: 600 | AI41: 80 | AJ41: 30 | AK41: 3 | AL41: =AJ41*5 -> 150 | AM41: =AK41*5 -> 15 | AN41: 30 | AO41: 4 | AP41: 150 | AQ41: 20 | AR41: 750 | AS41: 100 | AT41: 30 | AU41: 4 | AV41: 150 | AW41: 20 | AX41: 30 | AY41: 4 | AZ41: 150 | BA41: 20 | BB41: 750 | BC41: 100 | BD41: 30 | BE41: 4 | BF41: =BD41*5 -> 150 | BG41: =BE41*5 -> 20 | BH41: 38 | BI41: =BI40+T41 -> 330 | BJ41: =BJ40+U41 -> 19 | BK41: =BK40+V41 -> 1320 | BL41: =BL40+W41 -> 76 | BM41: =BM40+X41 -> 6600 | BN41: =BN40+Y41 -> 380 | BO41: =BO40+Z41 -> 265 | BP41: =BP40+AA41 -> 17 | ... BR41: =BR40+AC41 -> 85 | BS41: 38 | BT41: =BT40+AD41 -> 430 | BU41: =BU40+AE41 -> 23 | BV41: =BV40+AF41 -> 1789 | BW41: =BW40+AG41 -> 94 | BX41: =BX40+AH41 -> 8945 | BY41: =BY40+AI41 -> 470 | BZ41: =BZ40+AJ41 -> 413 | CA41: =CA40+AK41 -> 20 | ... CC41: =CC40+AM41 -> 100 | CD41: 38 | CE41: =CE40+AN41 -> 430 | CF41: =CF40+AO41 -> 23 | CG41: =CG40+AP41 -> 2150 | CH41: =CH40+AQ41 -> 115 | CI41: =CI40+AR41 -> 10750 | CJ41: =CJ40+AS41 -> 575 | CK41: =CK40+AT41 -> 430 | CL41: =CL40+AU41 -> 23 | ... CN41: =CN40+AW41 -> 115 | CO41: 38 | CP41: =CP40+AX41 -> 430 | CQ41: =CQ40+AY41 -> 23 | CR41: =CR40+AZ41 -> 2150 | CS41: =CS40+BA41 -> 115 | CT41: =CT40+BB41 -> 10750 | CU41: =CU40+BC41 -> 575 | CV41: =CV40+BD41 -> 430 | CW41: =CW40+BE41 -> 23 | ... CY41: =CY40+BG41 -> 115 | CZ41: 38 | DA41: 120000 | DB41: =DA41+DB40 -> 1153600 | DD41: =DC41+DD40 -> 150 | DH41: 38 | DI41: 82500 | DJ41: 165000 | DK41: 330000 | DL41: 38 | DM41: 165000 | DN41: 247500 | DO41: 495000 | DP41: 38 | DQ41: 330000 | DR41: 660000 | DS41: 38 | DT41: =DI41+DT40 -> 1208500 | DU41: =DJ41+DU40 -> 2417000 | DV41: =DK41+DV40 -> 4834000 | DW41: =DM41+DW40 -> 2417000 | DX41: =DN41+DX40 -> 3625500 | DY41: =DO41+DY40 -> 7251000 | DZ41: 0 | EA41: =DQ41+EA40 -> 4834000 | EB41: =DR41+EB40 -> 9668000 | EC41: 38 | EE41: =ED41+EE40 -> 2
A42: 39 | B42: 290 | C42: =C41+B42 -> 4850 | D42: 39 | E42: 6713 | F42: =F41+E42 -> 87862 | S42: 39 | T42: 26 | U42: 4 | V42: 104 | W42: 16 | X42: 520 | Y42: 80 | Z42: 21 | AA42: 3 | AB42: 105 | AC42: 15 | AD42: 35 | AE42: 5 | AF42: 140 | AG42: 20 | AH42: 700 | AI42: 100 | AJ42: 30 | AK42: 3 | AL42: =AJ42*5 -> 150 | AM42: =AK42*5 -> 15 | AN42: 35 | AO42: 5 | AP42: 175 | AQ42: 25 | AR42: 875 | AS42: 125 | AT42: 35 | AU42: 5 | AV42: 175 | AW42: 25 | AX42: 35 | AY42: 5 | AZ42: 175 | BA42: 25 | BB42: 875 | BC42: 125 | BD42: 35 | BE42: 5 | BF42: =BD42*5 -> 175 | BG42: =BE42*5 -> 25 | BH42: 39 | BI42: =BI41+T42 -> 356 | BJ42: =BJ41+U42 -> 23 | BK42: =BK41+V42 -> 1424 | BL42: =BL41+W42 -> 92 | BM42: =BM41+X42 -> 7120 | BN42: =BN41+Y42 -> 460 | BO42: =BO41+Z42 -> 286 | BP42: =BP41+AA42 -> 20 | ... BR42: =BR41+AC42 -> 100 | BS42: 39 | BT42: =BT41+AD42 -> 465 | BU42: =BU41+AE42 -> 28 | BV42: =BV41+AF42 -> 1929 | BW42: =BW41+AG42 -> 114 | BX42: =BX41+AH42 -> 9645 | BY42: =BY41+AI42 -> 570 | BZ42: =BZ41+AJ42 -> 443 | CA42: =CA41+AK42 -> 23 | ... CC42: =CC41+AM42 -> 115 | CD42: 39 | CE42: =CE41+AN42 -> 465 | CF42: =CF41+AO42 -> 28 | CG42: =CG41+AP42 -> 2325 | CH42: =CH41+AQ42 -> 140 | CI42: =CI41+AR42 -> 11625 | CJ42: =CJ41+AS42 -> 700 | CK42: =CK41+AT42 -> 465 | CL42: =CL41+AU42 -> 28 | ... CN42: =CN41+AW42 -> 140 | CO42: 39 | CP42: =CP41+AX42 -> 465 | CQ42: =CQ41+AY42 -> 28 | CR42: =CR41+AZ42 -> 2325 | CS42: =CS41+BA42 -> 140 | CT42: =CT41+BB42 -> 11625 | CU42: =CU41+BC42 -> 700 | CV42: =CV41+BD42 -> 465 | CW42: =CW41+BE42 -> 28 | ... CY42: =CY41+BG42 -> 140 | CZ42: 39 | DA42: 130000 | DB42: =DA42+DB41 -> 1283600 | DD42: =DC42+DD41 -> 150 | DH42: 39 | DI42: 85000 | DJ42: 170000 | DK42: 340000 | DL42: 39 | DM42: 170000 | DN42: 255000 | DO42: 510000 | DP42: 39 | DQ42: 340000 | DR42: 680000 | DS42: 39 | DT42: =DI42+DT41 -> 1293500 | DU42: =DJ42+DU41 -> 2587000 | DV42: =DK42+DV41 -> 5174000 | DW42: =DM42+DW41 -> 2587000 | DX42: =DN42+DX41 -> 3880500 | DY42: =DO42+DY41 -> 7761000 | DZ42: 0 | EA42: =DQ42+EA41 -> 5174000 | EB42: =DR42+EB41 -> 10348000 | EC42: 39 | EE42: =ED42+EE41 -> 2
A43: 40 | B43: 300 | C43: =C42+B43 -> 5150 | D43: 40 | E43: 7085 | F43: =F42+E43 -> 94947 | S43: 40 | T43: 30 | U43: 4 | V43: 120 | W43: 16 | X43: 600 | Y43: 80 | Z43: 24 | AA43: 3 | AB43: 120 | AC43: 15 | AD43: 40 | AE43: 5 | AF43: 160 | AG43: 20 | AH43: 800 | AI43: 100 | AJ43: 40 | AK43: 4 | AL43: =AJ43*5 -> 200 | AM43: =AK43*5 -> 20 | AN43: 40 | AO43: 5 | AP43: 200 | AQ43: 25 | AR43: 1000 | AS43: 125 | AT43: 40 | AU43: 5 | AV43: 200 | AW43: 25 | AX43: 40 | AY43: 5 | AZ43: 200 | BA43: 25 | BB43: 1000 | BC43: 125 | BD43: 40 | BE43: 5 | BF43: =BD43*5 -> 200 | BG43: =BE43*5 -> 25 | BH43: 40 | BI43: =BI42+T43 -> 386 | BJ43: =BJ42+U43 -> 27 | BK43: =BK42+V43 -> 1544 | BL43: =BL42+W43 -> 108 | BM43: =BM42+X43 -> 7720 | BN43: =BN42+Y43 -> 540 | BO43: =BO42+Z43 -> 310 | BP43: =BP42+AA43 -> 23 | ... BR43: =BR42+AC43 -> 115 | BS43: 40 | BT43: =BT42+AD43 -> 505 | BU43: =BU42+AE43 -> 33 | BV43: =BV42+AF43 -> 2089 | BW43: =BW42+AG43 -> 134 | BX43: =BX42+AH43 -> 10445 | BY43: =BY42+AI43 -> 670 | BZ43: =BZ42+AJ43 -> 483 | CA43: =CA42+AK43 -> 27 | ... CC43: =CC42+AM43 -> 135 | CD43: 40 | CE43: =CE42+AN43 -> 505 | CF43: =CF42+AO43 -> 33 | CG43: =CG42+AP43 -> 2525 | CH43: =CH42+AQ43 -> 165 | CI43: =CI42+AR43 -> 12625 | CJ43: =CJ42+AS43 -> 825 | CK43: =CK42+AT43 -> 505 | CL43: =CL42+AU43 -> 33 | ... CN43: =CN42+AW43 -> 165 | CO43: 40 | CP43: =CP42+AX43 -> 505 | CQ43: =CQ42+AY43 -> 33 | CR43: =CR42+AZ43 -> 2525 | CS43: =CS42+BA43 -> 165 | CT43: =CT42+BB43 -> 12625 | CU43: =CU42+BC43 -> 825 | CV43: =CV42+BD43 -> 505 | CW43: =CW42+BE43 -> 33 | ... CY43: =CY42+BG43 -> 165 | CZ43: 40 | DA43: 190000 | DB43: =DA43+DB42 -> 1473600 | DC43: 200 | DD43: =DC43+DD42 -> 350 | DH43: 40 | DI43: 87500 | DJ43: 175000 | DK43: 350000 | DL43: 40 | DM43: 175000 | DN43: 262500 | DO43: 525000 | DP43: 40 | DQ43: 350000 | DR43: 700000 | DS43: 40 | DT43: =DI43+DT42 -> 1381000 | DU43: =DJ43+DU42 -> 2762000 | DV43: =DK43+DV42 -> 5524000 | DW43: =DM43+DW42 -> 2762000 | DX43: =DN43+DX42 -> 4143000 | DY43: =DO43+DY42 -> 8286000 | DZ43: 0 | EA43: =DQ43+EA42 -> 5524000 | EB43: =DR43+EB42 -> 11048000 | EC43: 40 | ED43: 1 | EE43: =ED43+EE42 -> 3
A44: 41 | B44: 310 | C44: =C43+B44 -> 5460 | D44: 41 | E44: 7469 | F44: =F43+E44 -> 102416 | S44: 41 | T44: 34 | U44: 4 | V44: 136 | W44: 16 | X44: 680 | Y44: 80 | Z44: 27 | AA44: 3 | AB44: 135 | AC44: 15 | AD44: 45 | AE44: 5 | AF44: 180 | AG44: 20 | AH44: 900 | AI44: 100 | AJ44: 40 | AK44: 4 | AL44: =AJ44*5 -> 200 | AM44: =AK44*5 -> 20 | AN44: 45 | AO44: 5 | AP44: 225 | AQ44: 25 | AR44: 1125 | AS44: 125 | AT44: 45 | AU44: 5 | AV44: 225 | AW44: 25 | AX44: 45 | AY44: 5 | AZ44: 225 | BA44: 25 | BB44: 1125 | BC44: 125 | BD44: 45 | BE44: 5 | BF44: =BD44*5 -> 225 | BG44: =BE44*5 -> 25 | BH44: 41 | BI44: =BI43+T44 -> 420 | BJ44: =BJ43+U44 -> 31 | BK44: =BK43+V44 -> 1680 | BL44: =BL43+W44 -> 124 | BM44: =BM43+X44 -> 8400 | BN44: =BN43+Y44 -> 620 | BO44: =BO43+Z44 -> 337 | BP44: =BP43+AA44 -> 26 | ... BR44: =BR43+AC44 -> 130 | BS44: 41 | BT44: =BT43+AD44 -> 550 | BU44: =BU43+AE44 -> 38 | BV44: =BV43+AF44 -> 2269 | BW44: =BW43+AG44 -> 154 | BX44: =BX43+AH44 -> 11345 | BY44: =BY43+AI44 -> 770 | BZ44: =BZ43+AJ44 -> 523 | CA44: =CA43+AK44 -> 31 | ... CC44: =CC43+AM44 -> 155 | CD44: 41 | CE44: =CE43+AN44 -> 550 | CF44: =CF43+AO44 -> 38 | CG44: =CG43+AP44 -> 2750 | CH44: =CH43+AQ44 -> 190 | CI44: =CI43+AR44 -> 13750 | CJ44: =CJ43+AS44 -> 950 | CK44: =CK43+AT44 -> 550 | CL44: =CL43+AU44 -> 38 | ... CN44: =CN43+AW44 -> 190 | CO44: 41 | CP44: =CP43+AX44 -> 550 | CQ44: =CQ43+AY44 -> 38 | CR44: =CR43+AZ44 -> 2750 | CS44: =CS43+BA44 -> 190 | CT44: =CT43+BB44 -> 13750 | CU44: =CU43+BC44 -> 950 | CV44: =CV43+BD44 -> 550 | CW44: =CW43+BE44 -> 38 | ... CY44: =CY43+BG44 -> 190 | CZ44: 41 | DA44: 200000 | DB44: =DA44+DB43 -> 1673600 | DD44: =DC44+DD43 -> 350 | DH44: 41 | DI44: 90000 | DJ44: 180000 | DK44: 360000 | DL44: 41 | DM44: 180000 | DN44: 270000 | DO44: 540000 | DP44: 41 | DQ44: 360000 | DR44: 720000 | DS44: 41 | DT44: =DI44+DT43 -> 1471000 | DU44: =DJ44+DU43 -> 2942000 | DV44: =DK44+DV43 -> 5884000 | DW44: =DM44+DW43 -> 2942000 | DX44: =DN44+DX43 -> 4413000 | DY44: =DO44+DY43 -> 8826000 | DZ44: 0 | EA44: =DQ44+EA43 -> 5884000 | EB44: =DR44+EB43 -> 11768000 | EC44: 41 | EE44: =ED44+EE43 -> 3
A45: 42 | B45: 320 | C45: =C44+B45 -> 5780 | D45: 42 | E45: 7863 | F45: =F44+E45 -> 110279 | S45: 42 | T45: 34 | U45: 4 | V45: 136 | W45: 16 | X45: 680 | Y45: 80 | Z45: 27 | AA45: 3 | AB45: 135 | AC45: 15 | AD45: 45 | AE45: 5 | AF45: 180 | AG45: 20 | AH45: 900 | AI45: 100 | AJ45: 50 | AK45: 5 | AL45: =AJ45*5 -> 250 | AM45: =AK45*5 -> 25 | AN45: 45 | AO45: 5 | AP45: 225 | AQ45: 25 | AR45: 1125 | AS45: 125 | AT45: 45 | AU45: 5 | AV45: 225 | AW45: 25 | AX45: 45 | AY45: 5 | AZ45: 225 | BA45: 25 | BB45: 1125 | BC45: 125 | BD45: 45 | BE45: 5 | BF45: =BD45*5 -> 225 | BG45: =BE45*5 -> 25 | BH45: 42 | BI45: =BI44+T45 -> 454 | BJ45: =BJ44+U45 -> 35 | BK45: =BK44+V45 -> 1816 | BL45: =BL44+W45 -> 140 | BM45: =BM44+X45 -> 9080 | BN45: =BN44+Y45 -> 700 | BO45: =BO44+Z45 -> 364 | BP45: =BP44+AA45 -> 29 | ... BR45: =BR44+AC45 -> 145 | BS45: 42 | BT45: =BT44+AD45 -> 595 | BU45: =BU44+AE45 -> 43 | BV45: =BV44+AF45 -> 2449 | BW45: =BW44+AG45 -> 174 | BX45: =BX44+AH45 -> 12245 | BY45: =BY44+AI45 -> 870 | BZ45: =BZ44+AJ45 -> 573 | CA45: =CA44+AK45 -> 36 | ... CC45: =CC44+AM45 -> 180 | CD45: 42 | CE45: =CE44+AN45 -> 595 | CF45: =CF44+AO45 -> 43 | CG45: =CG44+AP45 -> 2975 | CH45: =CH44+AQ45 -> 215 | CI45: =CI44+AR45 -> 14875 | CJ45: =CJ44+AS45 -> 1075 | CK45: =CK44+AT45 -> 595 | CL45: =CL44+AU45 -> 43 | ... CN45: =CN44+AW45 -> 215 | CO45: 42 | CP45: =CP44+AX45 -> 595 | CQ45: =CQ44+AY45 -> 43 | CR45: =CR44+AZ45 -> 2975 | CS45: =CS44+BA45 -> 215 | CT45: =CT44+BB45 -> 14875 | CU45: =CU44+BC45 -> 1075 | CV45: =CV44+BD45 -> 595 | CW45: =CW44+BE45 -> 43 | ... CY45: =CY44+BG45 -> 215 | CZ45: 42 | DA45: 210000 | DB45: =DA45+DB44 -> 1883600 | DD45: =DC45+DD44 -> 350 | DH45: 42 | DI45: 92500 | DJ45: 185000 | DK45: 370000 | DL45: 42 | DM45: 185000 | DN45: 277500 | DO45: 555000 | DP45: 42 | DQ45: 370000 | DR45: 740000 | DS45: 42 | DT45: =DI45+DT44 -> 1563500 | DU45: =DJ45+DU44 -> 3127000 | DV45: =DK45+DV44 -> 6254000 | DW45: =DM45+DW44 -> 3127000 | DX45: =DN45+DX44 -> 4690500 | DY45: =DO45+DY44 -> 9381000 | DZ45: 0 | EA45: =DQ45+EA44 -> 6254000 | EB45: =DR45+EB44 -> 12508000 | EC45: 42 | EE45: =ED45+EE44 -> 3
A46: 43 | B46: 330 | C46: =C45+B46 -> 6110 | D46: 43 | E46: 8269 | F46: =F45+E46 -> 118548 | S46: 43 | T46: 38 | U46: 5 | V46: 152 | W46: 20 | X46: 760 | Y46: 100 | Z46: 30 | AA46: 4 | AB46: 150 | AC46: 20 | AD46: 50 | AE46: 6 | AF46: 200 | AG46: 24 | AH46: 1000 | AI46: 120 | AJ46: 50 | AK46: 5 | AL46: =AJ46*5 -> 250 | AM46: =AK46*5 -> 25 | AN46: 50 | AO46: 6 | AP46: 250 | AQ46: 30 | AR46: 1250 | AS46: 150 | AT46: 50 | AU46: 6 | AV46: 250 | AW46: 30 | AX46: 50 | AY46: 6 | AZ46: 250 | BA46: 30 | BB46: 1250 | BC46: 150 | BD46: 50 | BE46: 6 | BF46: =BD46*5 -> 250 | BG46: =BE46*5 -> 30 | BH46: 43 | BI46: =BI45+T46 -> 492 | BJ46: =BJ45+U46 -> 40 | BK46: =BK45+V46 -> 1968 | BL46: =BL45+W46 -> 160 | BM46: =BM45+X46 -> 9840 | BN46: =BN45+Y46 -> 800 | BO46: =BO45+Z46 -> 394 | BP46: =BP45+AA46 -> 33 | ... BR46: =BR45+AC46 -> 165 | BS46: 43 | BT46: =BT45+AD46 -> 645 | BU46: =BU45+AE46 -> 49 | BV46: =BV45+AF46 -> 2649 | BW46: =BW45+AG46 -> 198 | BX46: =BX45+AH46 -> 13245 | BY46: =BY45+AI46 -> 990 | BZ46: =BZ45+AJ46 -> 623 | CA46: =CA45+AK46 -> 41 | ... CC46: =CC45+AM46 -> 205 | CD46: 43 | CE46: =CE45+AN46 -> 645 | CF46: =CF45+AO46 -> 49 | CG46: =CG45+AP46 -> 3225 | CH46: =CH45+AQ46 -> 245 | CI46: =CI45+AR46 -> 16125 | CJ46: =CJ45+AS46 -> 1225 | CK46: =CK45+AT46 -> 645 | CL46: =CL45+AU46 -> 49 | ... CN46: =CN45+AW46 -> 245 | CO46: 43 | CP46: =CP45+AX46 -> 645 | CQ46: =CQ45+AY46 -> 49 | CR46: =CR45+AZ46 -> 3225 | CS46: =CS45+BA46 -> 245 | CT46: =CT45+BB46 -> 16125 | CU46: =CU45+BC46 -> 1225 | CV46: =CV45+BD46 -> 645 | CW46: =CW45+BE46 -> 49 | ... CY46: =CY45+BG46 -> 245 | CZ46: 43 | DA46: 220000 | DB46: =DA46+DB45 -> 2103600 | DD46: =DC46+DD45 -> 350 | DH46: 43 | DI46: 95000 | DJ46: 190000 | DK46: 380000 | DL46: 43 | DM46: 190000 | DN46: 285000 | DO46: 570000 | DP46: 43 | DQ46: 380000 | DR46: 760000 | DS46: 43 | DT46: =DI46+DT45 -> 1658500 | DU46: =DJ46+DU45 -> 3317000 | DV46: =DK46+DV45 -> 6634000 | DW46: =DM46+DW45 -> 3317000 | DX46: =DN46+DX45 -> 4975500 | DY46: =DO46+DY45 -> 9951000 | DZ46: 0 | EA46: =DQ46+EA45 -> 6634000 | EB46: =DR46+EB45 -> 13268000 | EC46: 43 | EE46: =ED46+EE45 -> 3
A47: 44 | B47: 340 | C47: =C46+B47 -> 6450 | D47: 44 | E47: 8686 | F47: =F46+E47 -> 127234 | S47: 44 | T47: 38 | U47: 5 | V47: 152 | W47: 20 | X47: 760 | Y47: 100 | Z47: 30 | AA47: 4 | AB47: 150 | AC47: 20 | AD47: 50 | AE47: 6 | AF47: 200 | AG47: 24 | AH47: 1000 | AI47: 120 | AJ47: 50 | AK47: 5 | AL47: =AJ47*5 -> 250 | AM47: =AK47*5 -> 25 | AN47: 50 | AO47: 6 | AP47: 250 | AQ47: 30 | AR47: 1250 | AS47: 150 | AT47: 50 | AU47: 6 | AV47: 250 | AW47: 30 | AX47: 50 | AY47: 6 | AZ47: 250 | BA47: 30 | BB47: 1250 | BC47: 150 | BD47: 50 | BE47: 6 | BF47: =BD47*5 -> 250 | BG47: =BE47*5 -> 30 | BH47: 44 | BI47: =BI46+T47 -> 530 | BJ47: =BJ46+U47 -> 45 | BK47: =BK46+V47 -> 2120 | BL47: =BL46+W47 -> 180 | BM47: =BM46+X47 -> 10600 | BN47: =BN46+Y47 -> 900 | BO47: =BO46+Z47 -> 424 | BP47: =BP46+AA47 -> 37 | ... BR47: =BR46+AC47 -> 185 | BS47: 44 | BT47: =BT46+AD47 -> 695 | BU47: =BU46+AE47 -> 55 | BV47: =BV46+AF47 -> 2849 | BW47: =BW46+AG47 -> 222 | BX47: =BX46+AH47 -> 14245 | BY47: =BY46+AI47 -> 1110 | BZ47: =BZ46+AJ47 -> 673 | CA47: =CA46+AK47 -> 46 | ... CC47: =CC46+AM47 -> 230 | CD47: 44 | CE47: =CE46+AN47 -> 695 | CF47: =CF46+AO47 -> 55 | CG47: =CG46+AP47 -> 3475 | CH47: =CH46+AQ47 -> 275 | CI47: =CI46+AR47 -> 17375 | CJ47: =CJ46+AS47 -> 1375 | CK47: =CK46+AT47 -> 695 | CL47: =CL46+AU47 -> 55 | ... CN47: =CN46+AW47 -> 275 | CO47: 44 | CP47: =CP46+AX47 -> 695 | CQ47: =CQ46+AY47 -> 55 | CR47: =CR46+AZ47 -> 3475 | CS47: =CS46+BA47 -> 275 | CT47: =CT46+BB47 -> 17375 | CU47: =CU46+BC47 -> 1375 | CV47: =CV46+BD47 -> 695 | CW47: =CW46+BE47 -> 55 | ... CY47: =CY46+BG47 -> 275 | CZ47: 44 | DA47: 230000 | DB47: =DA47+DB46 -> 2333600 | DD47: =DC47+DD46 -> 350 | DH47: 44 | DI47: 97500 | DJ47: 195000 | DK47: 390000 | DL47: 44 | DM47: 195000 | DN47: 292500 | DO47: 585000 | DP47: 44 | DQ47: 390000 | DR47: 780000 | DS47: 44 | DT47: =DI47+DT46 -> 1756000 | DU47: =DJ47+DU46 -> 3512000 | DV47: =DK47+DV46 -> 7024000 | DW47: =DM47+DW46 -> 3512000 | DX47: =DN47+DX46 -> 5268000 | DY47: =DO47+DY46 -> 10536000 | DZ47: 0 | EA47: =DQ47+EA46 -> 7024000 | EB47: =DR47+EB46 -> 14048000 | EC47: 44 | EE47: =ED47+EE46 -> 3
A48: 45 | B48: 350 | C48: =C47+B48 -> 6800 | D48: 45 | E48: 9115 | F48: =F47+E48 -> 136349 | S48: 45 | T48: 41 | U48: 5 | V48: 164 | W48: 20 | X48: 820 | Y48: 100 | Z48: 33 | AA48: 4 | AB48: 165 | AC48: 20 | AD48: 55 | AE48: 7 | AF48: 220 | AG48: 28 | AH48: 1100 | AI48: 140 | AJ48: 60 | AK48: 6 | AL48: =AJ48*5 -> 300 | AM48: =AK48*5 -> 30 | AN48: 55 | AO48: 7 | AP48: 275 | AQ48: 35 | AR48: 1375 | AS48: 175 | AT48: 55 | AU48: 7 | AV48: 275 | AW48: 35 | AX48: 55 | AY48: 7 | AZ48: 275 | BA48: 35 | BB48: 1375 | BC48: 175 | BD48: 55 | BE48: 7 | BF48: =BD48*5 -> 275 | BG48: =BE48*5 -> 35 | BH48: 45 | BI48: =BI47+T48 -> 571 | BJ48: =BJ47+U48 -> 50 | BK48: =BK47+V48 -> 2284 | BL48: =BL47+W48 -> 200 | BM48: =BM47+X48 -> 11420 | BN48: =BN47+Y48 -> 1000 | BO48: =BO47+Z48 -> 457 | BP48: =BP47+AA48 -> 41 | ... BR48: =BR47+AC48 -> 205 | BS48: 45 | BT48: =BT47+AD48 -> 750 | BU48: =BU47+AE48 -> 62 | BV48: =BV47+AF48 -> 3069 | BW48: =BW47+AG48 -> 250 | BX48: =BX47+AH48 -> 15345 | BY48: =BY47+AI48 -> 1250 | BZ48: =BZ47+AJ48 -> 733 | CA48: =CA47+AK48 -> 52 | ... CC48: =CC47+AM48 -> 260 | CD48: 45 | CE48: =CE47+AN48 -> 750 | CF48: =CF47+AO48 -> 62 | CG48: =CG47+AP48 -> 3750 | CH48: =CH47+AQ48 -> 310 | CI48: =CI47+AR48 -> 18750 | CJ48: =CJ47+AS48 -> 1550 | CK48: =CK47+AT48 -> 750 | CL48: =CL47+AU48 -> 62 | ... CN48: =CN47+AW48 -> 310 | CO48: 45 | CP48: =CP47+AX48 -> 750 | CQ48: =CQ47+AY48 -> 62 | CR48: =CR47+AZ48 -> 3750 | CS48: =CS47+BA48 -> 310 | CT48: =CT47+BB48 -> 18750 | CU48: =CU47+BC48 -> 1550 | CV48: =CV47+BD48 -> 750 | CW48: =CW47+BE48 -> 62 | ... CY48: =CY47+BG48 -> 310 | CZ48: 45 | DA48: 240000 | DB48: =DA48+DB47 -> 2573600 | DD48: =DC48+DD47 -> 350 | DH48: 45 | DI48: 100000 | DJ48: 200000 | DK48: 400000 | DL48: 45 | DM48: 200000 | DN48: 300000 | DO48: 600000 | DP48: 45 | DQ48: 400000 | DR48: 800000 | DS48: 45 | DT48: =DI48+DT47 -> 1856000 | DU48: =DJ48+DU47 -> 3712000 | DV48: =DK48+DV47 -> 7424000 | DW48: =DM48+DW47 -> 3712000 | DX48: =DN48+DX47 -> 5568000 | DY48: =DO48+DY47 -> 11136000 | DZ48: 0 | EA48: =DQ48+EA47 -> 7424000 | EB48: =DR48+EB47 -> 14848000 | EC48: 45 | ED48: 2 | EE48: =ED48+EE47 -> 5
A49: 46 | B49: 360 | C49: =C48+B49 -> 7160 | D49: 46 | E49: 9554 | F49: =F48+E49 -> 145903 | S49: 46 | T49: 41 | U49: 5 | V49: 164 | W49: 20 | X49: 820 | Y49: 100 | Z49: 33 | AA49: 4 | AB49: 165 | AC49: 20 | AD49: 55 | AE49: 7 | AF49: 220 | AG49: 28 | AH49: 1100 | AI49: 140 | AJ49: 60 | AK49: 6 | AL49: =AJ49*5 -> 300 | AM49: =AK49*5 -> 30 | AN49: 55 | AO49: 7 | AP49: 275 | AQ49: 35 | AR49: 1375 | AS49: 175 | AT49: 55 | AU49: 7 | AV49: 275 | AW49: 35 | AX49: 55 | AY49: 7 | AZ49: 275 | BA49: 35 | BB49: 1375 | BC49: 175 | BD49: 55 | BE49: 7 | BF49: =BD49*5 -> 275 | BG49: =BE49*5 -> 35 | BH49: 46 | BI49: =BI48+T49 -> 612 | BJ49: =BJ48+U49 -> 55 | BK49: =BK48+V49 -> 2448 | BL49: =BL48+W49 -> 220 | BM49: =BM48+X49 -> 12240 | BN49: =BN48+Y49 -> 1100 | BO49: =BO48+Z49 -> 490 | BP49: =BP48+AA49 -> 45 | ... BR49: =BR48+AC49 -> 225 | BS49: 46 | BT49: =BT48+AD49 -> 805 | BU49: =BU48+AE49 -> 69 | BV49: =BV48+AF49 -> 3289 | BW49: =BW48+AG49 -> 278 | BX49: =BX48+AH49 -> 16445 | BY49: =BY48+AI49 -> 1390 | BZ49: =BZ48+AJ49 -> 793 | CA49: =CA48+AK49 -> 58 | ... CC49: =CC48+AM49 -> 290 | CD49: 46 | CE49: =CE48+AN49 -> 805 | CF49: =CF48+AO49 -> 69 | CG49: =CG48+AP49 -> 4025 | CH49: =CH48+AQ49 -> 345 | CI49: =CI48+AR49 -> 20125 | CJ49: =CJ48+AS49 -> 1725 | CK49: =CK48+AT49 -> 805 | CL49: =CL48+AU49 -> 69 | ... CN49: =CN48+AW49 -> 345 | CO49: 46 | CP49: =CP48+AX49 -> 805 | CQ49: =CQ48+AY49 -> 69 | CR49: =CR48+AZ49 -> 4025 | CS49: =CS48+BA49 -> 345 | CT49: =CT48+BB49 -> 20125 | CU49: =CU48+BC49 -> 1725 | CV49: =CV48+BD49 -> 805 | CW49: =CW48+BE49 -> 69 | ... CY49: =CY48+BG49 -> 345 | CZ49: 46 | DA49: 250000 | DB49: =DA49+DB48 -> 2823600 | DD49: =DC49+DD48 -> 350 | DH49: 46 | DI49: 102500 | DJ49: 205000 | DK49: 410000 | DL49: 46 | DM49: 205000 | DN49: 307500 | DO49: 615000 | DP49: 46 | DQ49: 410000 | DR49: 820000 | DS49: 46 | DT49: =DI49+DT48 -> 1958500 | DU49: =DJ49+DU48 -> 3917000 | DV49: =DK49+DV48 -> 7834000 | DW49: =DM49+DW48 -> 3917000 | DX49: =DN49+DX48 -> 5875500 | DY49: =DO49+DY48 -> 11751000 | DZ49: 0 | EA49: =DQ49+EA48 -> 7834000 | EB49: =DR49+EB48 -> 15668000 | EC49: 46 | EE49: =ED49+EE48 -> 5
A50: 47 | B50: 370 | C50: =C49+B50 -> 7530 | D50: 47 | E50: 10005 | F50: =F49+E50 -> 155908 | S50: 47 | T50: 45 | U50: 6 | V50: 180 | W50: 24 | X50: 900 | Y50: 120 | Z50: 36 | AA50: 4 | AB50: 180 | AC50: 20 | AD50: 60 | AE50: 8 | AF50: 240 | AG50: 32 | AH50: 1200 | AI50: 160 | AJ50: 60 | AK50: 6 | AL50: =AJ50*5 -> 300 | AM50: =AK50*5 -> 30 | AN50: 60 | AO50: 8 | AP50: 300 | AQ50: 40 | AR50: 1500 | AS50: 200 | AT50: 60 | AU50: 8 | AV50: 300 | AW50: 40 | AX50: 60 | AY50: 8 | AZ50: 300 | BA50: 40 | BB50: 1500 | BC50: 200 | BD50: 60 | BE50: 8 | BF50: =BD50*5 -> 300 | BG50: =BE50*5 -> 40 | BH50: 47 | BI50: =BI49+T50 -> 657 | BJ50: =BJ49+U50 -> 61 | BK50: =BK49+V50 -> 2628 | BL50: =BL49+W50 -> 244 | BM50: =BM49+X50 -> 13140 | BN50: =BN49+Y50 -> 1220 | BO50: =BO49+Z50 -> 526 | BP50: =BP49+AA50 -> 49 | ... BR50: =BR49+AC50 -> 245 | BS50: 47 | BT50: =BT49+AD50 -> 865 | BU50: =BU49+AE50 -> 77 | BV50: =BV49+AF50 -> 3529 | BW50: =BW49+AG50 -> 310 | BX50: =BX49+AH50 -> 17645 | BY50: =BY49+AI50 -> 1550 | BZ50: =BZ49+AJ50 -> 853 | CA50: =CA49+AK50 -> 64 | ... CC50: =CC49+AM50 -> 320 | CD50: 47 | CE50: =CE49+AN50 -> 865 | CF50: =CF49+AO50 -> 77 | CG50: =CG49+AP50 -> 4325 | CH50: =CH49+AQ50 -> 385 | CI50: =CI49+AR50 -> 21625 | CJ50: =CJ49+AS50 -> 1925 | CK50: =CK49+AT50 -> 865 | CL50: =CL49+AU50 -> 77 | ... CN50: =CN49+AW50 -> 385 | CO50: 47 | CP50: =CP49+AX50 -> 865 | CQ50: =CQ49+AY50 -> 77 | CR50: =CR49+AZ50 -> 4325 | CS50: =CS49+BA50 -> 385 | CT50: =CT49+BB50 -> 21625 | CU50: =CU49+BC50 -> 1925 | CV50: =CV49+BD50 -> 865 | CW50: =CW49+BE50 -> 77 | ... CY50: =CY49+BG50 -> 385 | CZ50: 47 | DA50: 260000 | DB50: =DA50+DB49 -> 3083600 | DD50: =DC50+DD49 -> 350 | DH50: 47 | DI50: 105000 | DJ50: 210000 | DK50: 420000 | DL50: 47 | DM50: 210000 | DN50: 315000 | DO50: 630000 | DP50: 47 | DQ50: 420000 | DR50: 840000 | DS50: 47 | DT50: =DI50+DT49 -> 2063500 | DU50: =DJ50+DU49 -> 4127000 | DV50: =DK50+DV49 -> 8254000 | DW50: =DM50+DW49 -> 4127000 | DX50: =DN50+DX49 -> 6190500 | DY50: =DO50+DY49 -> 12381000 | DZ50: 0 | EA50: =DQ50+EA49 -> 8254000 | EB50: =DR50+EB49 -> 16508000 | EC50: 47 | EE50: =ED50+EE49 -> 5
A51: 48 | B51: 380 | C51: =C50+B51 -> 7910 | D51: 48 | E51: 10467 | F51: =F50+E51 -> 166375 | S51: 48 | T51: 45 | U51: 6 | V51: 180 | W51: 24 | X51: 900 | Y51: 120 | Z51: 36 | AA51: 5 | AB51: 180 | AC51: 25 | AD51: 60 | AE51: 8 | AF51: 240 | AG51: 32 | AH51: 1200 | AI51: 160 | AJ51: 60 | AK51: 6 | AL51: =AJ51*5 -> 300 | AM51: =AK51*5 -> 30 | AN51: 60 | AO51: 8 | AP51: 300 | AQ51: 40 | AR51: 1500 | AS51: 200 | AT51: 60 | AU51: 8 | AV51: 300 | AW51: 40 | AX51: 60 | AY51: 8 | AZ51: 300 | BA51: 40 | BB51: 1500 | BC51: 200 | BD51: 60 | BE51: 8 | BF51: =BD51*5 -> 300 | BG51: =BE51*5 -> 40 | BH51: 48 | BI51: =BI50+T51 -> 702 | BJ51: =BJ50+U51 -> 67 | BK51: =BK50+V51 -> 2808 | BL51: =BL50+W51 -> 268 | BM51: =BM50+X51 -> 14040 | BN51: =BN50+Y51 -> 1340 | BO51: =BO50+Z51 -> 562 | BP51: =BP50+AA51 -> 54 | ... BR51: =BR50+AC51 -> 270 | BS51: 48 | BT51: =BT50+AD51 -> 925 | BU51: =BU50+AE51 -> 85 | BV51: =BV50+AF51 -> 3769 | BW51: =BW50+AG51 -> 342 | BX51: =BX50+AH51 -> 18845 | BY51: =BY50+AI51 -> 1710 | BZ51: =BZ50+AJ51 -> 913 | CA51: =CA50+AK51 -> 70 | ... CC51: =CC50+AM51 -> 350 | CD51: 48 | CE51: =CE50+AN51 -> 925 | CF51: =CF50+AO51 -> 85 | CG51: =CG50+AP51 -> 4625 | CH51: =CH50+AQ51 -> 425 | CI51: =CI50+AR51 -> 23125 | CJ51: =CJ50+AS51 -> 2125 | CK51: =CK50+AT51 -> 925 | CL51: =CL50+AU51 -> 85 | ... CN51: =CN50+AW51 -> 425 | CO51: 48 | CP51: =CP50+AX51 -> 925 | CQ51: =CQ50+AY51 -> 85 | CR51: =CR50+AZ51 -> 4625 | CS51: =CS50+BA51 -> 425 | CT51: =CT50+BB51 -> 23125 | CU51: =CU50+BC51 -> 2125 | CV51: =CV50+BD51 -> 925 | CW51: =CW50+BE51 -> 85 | ... CY51: =CY50+BG51 -> 425 | CZ51: 48 | DA51: 270000 | DB51: =DA51+DB50 -> 3353600 | DD51: =DC51+DD50 -> 350 | DH51: 48 | DI51: 107500 | DJ51: 215000 | DK51: 430000 | DL51: 48 | DM51: 215000 | DN51: 322500 | DO51: 645000 | DP51: 48 | DQ51: 430000 | DR51: 860000 | DS51: 48 | DT51: =DI51+DT50 -> 2171000 | DU51: =DJ51+DU50 -> 4342000 | DV51: =DK51+DV50 -> 8684000 | DW51: =DM51+DW50 -> 4342000 | DX51: =DN51+DX50 -> 6513000 | DY51: =DO51+DY50 -> 13026000 | DZ51: 0 | EA51: =DQ51+EA50 -> 8684000 | EB51: =DR51+EB50 -> 17368000 | EC51: 48 | EE51: =ED51+EE50 -> 5
A52: 49 | B52: 390 | C52: =C51+B52 -> 8300 | D52: 49 | E52: 10941 | F52: =F51+E52 -> 177316 | S52: 49 | T52: 45 | U52: 6 | V52: 180 | W52: 24 | X52: 900 | Y52: 120 | Z52: 36 | AA52: 5 | AB52: 180 | AC52: 25 | AD52: 60 | AE52: 8 | AF52: 240 | AG52: 32 | AH52: 1200 | AI52: 160 | AJ52: 60 | AK52: 6 | AL52: =AJ52*5 -> 300 | AM52: =AK52*5 -> 30 | AN52: 60 | AO52: 8 | AP52: 300 | AQ52: 40 | AR52: 1500 | AS52: 200 | AT52: 60 | AU52: 8 | AV52: 300 | AW52: 40 | AX52: 60 | AY52: 8 | AZ52: 300 | BA52: 40 | BB52: 1500 | BC52: 200 | BD52: 60 | BE52: 8 | BF52: =BD52*5 -> 300 | BG52: =BE52*5 -> 40 | BH52: 49 | BI52: =BI51+T52 -> 747 | BJ52: =BJ51+U52 -> 73 | BK52: =BK51+V52 -> 2988 | BL52: =BL51+W52 -> 292 | BM52: =BM51+X52 -> 14940 | BN52: =BN51+Y52 -> 1460 | BO52: =BO51+Z52 -> 598 | BP52: =BP51+AA52 -> 59 | ... BR52: =BR51+AC52 -> 295 | BS52: 49 | BT52: =BT51+AD52 -> 985 | BU52: =BU51+AE52 -> 93 | BV52: =BV51+AF52 -> 4009 | BW52: =BW51+AG52 -> 374 | BX52: =BX51+AH52 -> 20045 | BY52: =BY51+AI52 -> 1870 | BZ52: =BZ51+AJ52 -> 973 | CA52: =CA51+AK52 -> 76 | ... CC52: =CC51+AM52 -> 380 | CD52: 49 | CE52: =CE51+AN52 -> 985 | CF52: =CF51+AO52 -> 93 | CG52: =CG51+AP52 -> 4925 | CH52: =CH51+AQ52 -> 465 | CI52: =CI51+AR52 -> 24625 | CJ52: =CJ51+AS52 -> 2325 | CK52: =CK51+AT52 -> 985 | CL52: =CL51+AU52 -> 93 | ... CN52: =CN51+AW52 -> 465 | CO52: 49 | CP52: =CP51+AX52 -> 985 | CQ52: =CQ51+AY52 -> 93 | CR52: =CR51+AZ52 -> 4925 | CS52: =CS51+BA52 -> 465 | CT52: =CT51+BB52 -> 24625 | CU52: =CU51+BC52 -> 2325 | CV52: =CV51+BD52 -> 985 | CW52: =CW51+BE52 -> 93 | ... CY52: =CY51+BG52 -> 465 | CZ52: 49 | DA52: 280000 | DB52: =DA52+DB51 -> 3633600 | DD52: =DC52+DD51 -> 350 | DH52: 49 | DI52: 110000 | DJ52: 220000 | DK52: 440000 | DL52: 49 | DM52: 220000 | DN52: 330000 | DO52: 660000 | DP52: 49 | DQ52: 440000 | DR52: 880000 | DS52: 49 | DT52: =DI52+DT51 -> 2281000 | DU52: =DJ52+DU51 -> 4562000 | DV52: =DK52+DV51 -> 9124000 | DW52: =DM52+DW51 -> 4562000 | DX52: =DN52+DX51 -> 6843000 | DY52: =DO52+DY51 -> 13686000 | DZ52: 0 | EA52: =DQ52+EA51 -> 9124000 | EB52: =DR52+EB51 -> 18248000 | EC52: 49 | EE52: =ED52+EE51 -> 5
A53: 50 | B53: 400 | C53: =C52+B53 -> 8700 | D53: 50 | F53: =F52+E53 -> 177316 | S53: 50 | T53: 53 | U53: 6 | V53: 212 | W53: 24 | X53: 1060 | Y53: 120 | Z53: 42 | AA53: 5 | AB53: 210 | AC53: 25 | AD53: 70 | AE53: 8 | AF53: 280 | AG53: 32 | AH53: 1400 | AI53: 160 | AJ53: 65 | AK53: 6 | AL53: =AJ53*5 -> 325 | AM53: =AK53*5 -> 30 | AN53: 70 | AO53: 8 | AP53: 350 | AQ53: 40 | AR53: 1750 | AS53: 200 | AT53: 70 | AU53: 8 | AV53: 350 | AW53: 40 | AX53: 70 | AY53: 8 | AZ53: 350 | BA53: 40 | BB53: 1750 | BC53: 200 | BD53: 70 | BE53: 8 | BF53: =BD53*5 -> 350 | BG53: =BE53*5 -> 40 | BH53: 50 | BI53: =BI52+T53 -> 800 | BJ53: =BJ52+U53 -> 79 | BK53: =BK52+V53 -> 3200 | BL53: =BL52+W53 -> 316 | BM53: =BM52+X53 -> 16000 | BN53: =BN52+Y53 -> 1580 | BO53: =BO52+Z53 -> 640 | BP53: =BP52+AA53 -> 64 | ... BR53: =BR52+AC53 -> 320 | BS53: 50 | BT53: =BT52+AD53 -> 1055 | BU53: =BU52+AE53 -> 101 | BV53: =BV52+AF53 -> 4289 | BW53: =BW52+AG53 -> 406 | BX53: =BX52+AH53 -> 21445 | BY53: =BY52+AI53 -> 2030 | BZ53: =BZ52+AJ53 -> 1038 | CA53: =CA52+AK53 -> 82 | ... CC53: =CC52+AM53 -> 410 | CD53: 50 | CE53: =CE52+AN53 -> 1055 | CF53: =CF52+AO53 -> 101 | CG53: =CG52+AP53 -> 5275 | CH53: =CH52+AQ53 -> 505 | CI53: =CI52+AR53 -> 26375 | CJ53: =CJ52+AS53 -> 2525 | CK53: =CK52+AT53 -> 1055 | CL53: =CL52+AU53 -> 101 | ... CN53: =CN52+AW53 -> 505 | CO53: 50 | CP53: =CP52+AX53 -> 1055 | CQ53: =CQ52+AY53 -> 101 | CR53: =CR52+AZ53 -> 5275 | CS53: =CS52+BA53 -> 505 | CT53: =CT52+BB53 -> 26375 | CU53: =CU52+BC53 -> 2525 | CV53: =CV52+BD53 -> 1055 | CW53: =CW52+BE53 -> 101 | ... CY53: =CY52+BG53 -> 505 | CZ53: 50 | DA53: 380000 | DB53: =DA53+DB52 -> 4013600 | DC53: 450 | DD53: =DC53+DD52 -> 800 | DH53: 50 | DI53: 112500 | DJ53: 225000 | DK53: 450000 | DL53: 50 | DM53: 225000 | DN53: 337500 | DO53: 675000 | DP53: 50 | DQ53: 450000 | DR53: 900000 | DS53: 50 | DT53: =DI53+DT52 -> 2393500 | DU53: =DJ53+DU52 -> 4787000 | DV53: =DK53+DV52 -> 9574000 | DW53: =DM53+DW52 -> 4787000 | DX53: =DN53+DX52 -> 7180500 | DY53: =DO53+DY52 -> 14361000 | DZ53: 0 | EA53: =DQ53+EA52 -> 9574000 | EB53: =DR53+EB52 -> 19148000 | EC53: 50 | ED53: 2 | EE53: =ED53+EE52 -> 7
A54: 51 | B54: 410 | C54: =C53+B54 -> 9110 | S54: 51 | T54: 53 | U54: 7 | V54: 212 | W54: 28 | X54: 1060 | Y54: 140 | Z54: 42 | AA54: 5 | AB54: 210 | AC54: 25 | AD54: 70 | AE54: 9 | AF54: 280 | AG54: 36 | AH54: 1400 | AI54: 180 | AJ54: 65 | AK54: 6 | AL54: =AJ54*5 -> 325 | AM54: =AK54*5 -> 30 | AN54: 70 | AO54: 9 | AP54: 350 | AQ54: 45 | AR54: 1750 | AS54: 225 | AT54: 70 | AU54: 9 | AV54: 350 | AW54: 45 | AX54: 70 | AY54: 9 | AZ54: 350 | BA54: 45 | BB54: 1750 | BC54: 225 | BD54: 70 | BE54: 9 | BF54: =BD54*5 -> 350 | BG54: =BE54*5 -> 45 | BH54: 51 | BI54: =BI53+T54 -> 853 | BJ54: =BJ53+U54 -> 86 | BK54: =BK53+V54 -> 3412 | BL54: =BL53+W54 -> 344 | BM54: =BM53+X54 -> 17060 | BN54: =BN53+Y54 -> 1720 | BO54: =BO53+Z54 -> 682 | BP54: =BP53+AA54 -> 69 | ... BR54: =BR53+AC54 -> 345 | BS54: 51 | BT54: =BT53+AD54 -> 1125 | BU54: =BU53+AE54 -> 110 | BV54: =BV53+AF54 -> 4569 | BW54: =BW53+AG54 -> 442 | BX54: =BX53+AH54 -> 22845 | BY54: =BY53+AI54 -> 2210 | BZ54: =BZ53+AJ54 -> 1103 | CA54: =CA53+AK54 -> 88 | ... CC54: =CC53+AM54 -> 440 | CD54: 51 | CE54: =CE53+AN54 -> 1125 | CF54: =CF53+AO54 -> 110 | CG54: =CG53+AP54 -> 5625 | CH54: =CH53+AQ54 -> 550 | CI54: =CI53+AR54 -> 28125 | CJ54: =CJ53+AS54 -> 2750 | CK54: =CK53+AT54 -> 1125 | CL54: =CL53+AU54 -> 110 | ... CN54: =CN53+AW54 -> 550 | CO54: 51 | CP54: =CP53+AX54 -> 1125 | CQ54: =CQ53+AY54 -> 110 | CR54: =CR53+AZ54 -> 5625 | CS54: =CS53+BA54 -> 550 | CT54: =CT53+BB54 -> 28125 | CU54: =CU53+BC54 -> 2750 | CV54: =CV53+BD54 -> 1125 | CW54: =CW53+BE54 -> 110 | ... CY54: =CY53+BG54 -> 550 | CZ54: 51 | DA54: 400000 | DB54: =DA54+DB53 -> 4413600 | DD54: =DC54+DD53 -> 800 | DH54: 51 | DI54: 115000 | DJ54: 230000 | DK54: 460000 | DL54: 51 | DM54: 230000 | DN54: 345000 | DO54: 690000 | DP54: 51 | DQ54: 460000 | DR54: 920000 | DS54: 51 | DT54: =DI54+DT53 -> 2508500 | DU54: =DJ54+DU53 -> 5017000 | DV54: =DK54+DV53 -> 10034000 | DW54: =DM54+DW53 -> 5017000 | DX54: =DN54+DX53 -> 7525500 | DY54: =DO54+DY53 -> 15051000 | DZ54: 0 | EA54: =DQ54+EA53 -> 10034000 | EB54: =DR54+EB53 -> 20068000 | EC54: 51 | EE54: =ED54+EE53 -> 7
A55: 52 | B55: 420 | C55: =C54+B55 -> 9530 | S55: 52 | T55: 61 | U55: 7 | V55: 244 | W55: 28 | X55: 1220 | Y55: 140 | Z55: 50 | AA55: 6 | AB55: 250 | AC55: 30 | AD55: 80 | AE55: 9 | AF55: 320 | AG55: 36 | AH55: 1600 | AI55: 180 | AJ55: 65 | AK55: 6 | AL55: =AJ55*5 -> 325 | AM55: =AK55*5 -> 30 | AN55: 80 | AO55: 9 | AP55: 400 | AQ55: 45 | AR55: 2000 | AS55: 225 | AT55: 80 | AU55: 9 | AV55: 400 | AW55: 45 | AX55: 80 | AY55: 9 | AZ55: 400 | BA55: 45 | BB55: 2000 | BC55: 225 | BD55: 80 | BE55: 9 | BF55: =BD55*5 -> 400 | BG55: =BE55*5 -> 45 | BH55: 52 | BI55: =BI54+T55 -> 914 | BJ55: =BJ54+U55 -> 93 | BK55: =BK54+V55 -> 3656 | BL55: =BL54+W55 -> 372 | BM55: =BM54+X55 -> 18280 | BN55: =BN54+Y55 -> 1860 | BO55: =BO54+Z55 -> 732 | BP55: =BP54+AA55 -> 75 | ... BR55: =BR54+AC55 -> 375 | BS55: 52 | BT55: =BT54+AD55 -> 1205 | BU55: =BU54+AE55 -> 119 | BV55: =BV54+AF55 -> 4889 | BW55: =BW54+AG55 -> 478 | BX55: =BX54+AH55 -> 24445 | BY55: =BY54+AI55 -> 2390 | BZ55: =BZ54+AJ55 -> 1168 | CA55: =CA54+AK55 -> 94 | ... CC55: =CC54+AM55 -> 470 | CD55: 52 | CE55: =CE54+AN55 -> 1205 | CF55: =CF54+AO55 -> 119 | CG55: =CG54+AP55 -> 6025 | CH55: =CH54+AQ55 -> 595 | CI55: =CI54+AR55 -> 30125 | CJ55: =CJ54+AS55 -> 2975 | CK55: =CK54+AT55 -> 1205 | CL55: =CL54+AU55 -> 119 | ... CN55: =CN54+AW55 -> 595 | CO55: 52 | CP55: =CP54+AX55 -> 1205 | CQ55: =CQ54+AY55 -> 119 | CR55: =CR54+AZ55 -> 6025 | CS55: =CS54+BA55 -> 595 | CT55: =CT54+BB55 -> 30125 | CU55: =CU54+BC55 -> 2975 | CV55: =CV54+BD55 -> 1205 | CW55: =CW54+BE55 -> 119 | ... CY55: =CY54+BG55 -> 595 | CZ55: 52 | DA55: 450000 | DB55: =DA55+DB54 -> 4863600 | DD55: =DC55+DD54 -> 800 | DH55: 52 | DI55: 117500 | DJ55: 235000 | DK55: 470000 | DL55: 52 | DM55: 235000 | DN55: 352500 | DO55: 705000 | DP55: 52 | DQ55: 470000 | DR55: 940000 | DS55: 52 | DT55: =DI55+DT54 -> 2626000 | DU55: =DJ55+DU54 -> 5252000 | DV55: =DK55+DV54 -> 10504000 | DW55: =DM55+DW54 -> 5252000 | DX55: =DN55+DX54 -> 7878000 | DY55: =DO55+DY54 -> 15756000 | DZ55: 0 | EA55: =DQ55+EA54 -> 10504000 | EB55: =DR55+EB54 -> 21008000 | EC55: 52 | EE55: =ED55+EE54 -> 7
A56: 53 | B56: 430 | C56: =C55+B56 -> 9960 | S56: 53 | T56: 68 | U56: 7 | V56: 272 | W56: 28 | X56: 1360 | Y56: 140 | Z56: 54 | AA56: 6 | AB56: 270 | AC56: 30 | AD56: 90 | AE56: 10 | AF56: 360 | AG56: 40 | AH56: 1800 | AI56: 200 | AJ56: 70 | AK56: 7 | AL56: =AJ56*5 -> 350 | AM56: =AK56*5 -> 35 | AN56: 90 | AO56: 10 | AP56: 450 | AQ56: 50 | AR56: 2250 | AS56: 250 | AT56: 90 | AU56: 10 | AV56: 450 | AW56: 50 | AX56: 90 | AY56: 10 | AZ56: 450 | BA56: 50 | BB56: 2250 | BC56: 250 | BD56: 90 | BE56: 10 | BF56: =BD56*5 -> 450 | BG56: =BE56*5 -> 50 | BH56: 53 | BI56: =BI55+T56 -> 982 | BJ56: =BJ55+U56 -> 100 | BK56: =BK55+V56 -> 3928 | BL56: =BL55+W56 -> 400 | BM56: =BM55+X56 -> 19640 | BN56: =BN55+Y56 -> 2000 | BO56: =BO55+Z56 -> 786 | BP56: =BP55+AA56 -> 81 | ... BR56: =BR55+AC56 -> 405 | BS56: 53 | BT56: =BT55+AD56 -> 1295 | BU56: =BU55+AE56 -> 129 | BV56: =BV55+AF56 -> 5249 | BW56: =BW55+AG56 -> 518 | BX56: =BX55+AH56 -> 26245 | BY56: =BY55+AI56 -> 2590 | BZ56: =BZ55+AJ56 -> 1238 | CA56: =CA55+AK56 -> 101 | ... CC56: =CC55+AM56 -> 505 | CD56: 53 | CE56: =CE55+AN56 -> 1295 | CF56: =CF55+AO56 -> 129 | CG56: =CG55+AP56 -> 6475 | CH56: =CH55+AQ56 -> 645 | CI56: =CI55+AR56 -> 32375 | CJ56: =CJ55+AS56 -> 3225 | CK56: =CK55+AT56 -> 1295 | CL56: =CL55+AU56 -> 129 | ... CN56: =CN55+AW56 -> 645 | CO56: 53 | CP56: =CP55+AX56 -> 1295 | CQ56: =CQ55+AY56 -> 129 | CR56: =CR55+AZ56 -> 6475 | CS56: =CS55+BA56 -> 645 | CT56: =CT55+BB56 -> 32375 | CU56: =CU55+BC56 -> 3225 | CV56: =CV55+BD56 -> 1295 | CW56: =CW55+BE56 -> 129 | ... CY56: =CY55+BG56 -> 645 | CZ56: 53 | DA56: 500000 | DB56: =DA56+DB55 -> 5363600 | DD56: =DC56+DD55 -> 800 | DH56: 53 | DI56: 120000 | DJ56: 240000 | DK56: 480000 | DL56: 53 | DM56: 240000 | DN56: 360000 | DO56: 720000 | DP56: 53 | DQ56: 480000 | DR56: 960000 | DS56: 53 | DT56: =DI56+DT55 -> 2746000 | DU56: =DJ56+DU55 -> 5492000 | DV56: =DK56+DV55 -> 10984000 | DW56: =DM56+DW55 -> 5492000 | DX56: =DN56+DX55 -> 8238000 | DY56: =DO56+DY55 -> 16476000 | DZ56: 0 | EA56: =DQ56+EA55 -> 10984000 | EB56: =DR56+EB55 -> 21968000 | EC56: 53 | EE56: =ED56+EE55 -> 7
A57: 54 | B57: 440 | C57: =C56+B57 -> 10400 | S57: 54 | T57: 68 | U57: 7 | V57: 272 | W57: 28 | X57: 1360 | Y57: 140 | Z57: 54 | AA57: 6 | AB57: 270 | AC57: 30 | AD57: 90 | AE57: 10 | AF57: 360 | AG57: 40 | AH57: 1800 | AI57: 200 | AJ57: 70 | AK57: 7 | AL57: =AJ57*5 -> 350 | AM57: =AK57*5 -> 35 | AN57: 90 | AO57: 10 | AP57: 450 | AQ57: 50 | AR57: 2250 | AS57: 250 | AT57: 90 | AU57: 10 | AV57: 450 | AW57: 50 | AX57: 90 | AY57: 10 | AZ57: 450 | BA57: 50 | BB57: 2250 | BC57: 250 | BD57: 90 | BE57: 10 | BF57: =BD57*5 -> 450 | BG57: =BE57*5 -> 50 | BH57: 54 | BI57: =BI56+T57 -> 1050 | BJ57: =BJ56+U57 -> 107 | BK57: =BK56+V57 -> 4200 | BL57: =BL56+W57 -> 428 | BM57: =BM56+X57 -> 21000 | BN57: =BN56+Y57 -> 2140 | BO57: =BO56+Z57 -> 840 | BP57: =BP56+AA57 -> 87 | ... BR57: =BR56+AC57 -> 435 | BS57: 54 | BT57: =BT56+AD57 -> 1385 | BU57: =BU56+AE57 -> 139 | BV57: =BV56+AF57 -> 5609 | BW57: =BW56+AG57 -> 558 | BX57: =BX56+AH57 -> 28045 | BY57: =BY56+AI57 -> 2790 | BZ57: =BZ56+AJ57 -> 1308 | CA57: =CA56+AK57 -> 108 | ... CC57: =CC56+AM57 -> 540 | CD57: 54 | CE57: =CE56+AN57 -> 1385 | CF57: =CF56+AO57 -> 139 | CG57: =CG56+AP57 -> 6925 | CH57: =CH56+AQ57 -> 695 | CI57: =CI56+AR57 -> 34625 | CJ57: =CJ56+AS57 -> 3475 | CK57: =CK56+AT57 -> 1385 | CL57: =CL56+AU57 -> 139 | ... CN57: =CN56+AW57 -> 695 | CO57: 54 | CP57: =CP56+AX57 -> 1385 | CQ57: =CQ56+AY57 -> 139 | CR57: =CR56+AZ57 -> 6925 | CS57: =CS56+BA57 -> 695 | CT57: =CT56+BB57 -> 34625 | CU57: =CU56+BC57 -> 3475 | CV57: =CV56+BD57 -> 1385 | CW57: =CW56+BE57 -> 139 | ... CY57: =CY56+BG57 -> 695 | CZ57: 54 | DA57: 550000 | DB57: =DA57+DB56 -> 5913600 | DD57: =DC57+DD56 -> 800 | DH57: 54 | DI57: 122500 | DJ57: 245000 | DK57: 490000 | DL57: 54 | DM57: 245000 | DN57: 367500 | DO57: 735000 | DP57: 54 | DQ57: 490000 | DR57: 980000 | DS57: 54 | DT57: =DI57+DT56 -> 2868500 | DU57: =DJ57+DU56 -> 5737000 | DV57: =DK57+DV56 -> 11474000 | DW57: =DM57+DW56 -> 5737000 | DX57: =DN57+DX56 -> 8605500 | DY57: =DO57+DY56 -> 17211000 | DZ57: 0 | EA57: =DQ57+EA56 -> 11474000 | EB57: =DR57+EB56 -> 22948000 | EC57: 54 | EE57: =ED57+EE56 -> 7
A58: 55 | B58: 450 | C58: =C57+B58 -> 10850 | S58: 55 | T58: 80 | U58: 8 | V58: 320 | W58: 32 | X58: 1600 | Y58: 160 | Z58: 64 | AA58: 6 | AB58: 320 | AC58: 30 | AD58: 105 | AE58: 11 | AF58: 420 | AG58: 44 | AH58: 2100 | AI58: 220 | AJ58: 70 | AK58: 7 | AL58: =AJ58*5 -> 350 | AM58: =AK58*5 -> 35 | AN58: 105 | AO58: 11 | AP58: 525 | AQ58: 55 | AR58: 2625 | AS58: 275 | AT58: 105 | AU58: 11 | AV58: 525 | AW58: 55 | AX58: 105 | AY58: 11 | AZ58: 525 | BA58: 55 | BB58: 2625 | BC58: 275 | BD58: 105 | BE58: 11 | BF58: =BD58*5 -> 525 | BG58: =BE58*5 -> 55 | BH58: 55 | BI58: =BI57+T58 -> 1130 | BJ58: =BJ57+U58 -> 115 | BK58: =BK57+V58 -> 4520 | BL58: =BL57+W58 -> 460 | BM58: =BM57+X58 -> 22600 | BN58: =BN57+Y58 -> 2300 | BO58: =BO57+Z58 -> 904 | BP58: =BP57+AA58 -> 93 | ... BR58: =BR57+AC58 -> 465 | BS58: 55 | BT58: =BT57+AD58 -> 1490 | BU58: =BU57+AE58 -> 150 | BV58: =BV57+AF58 -> 6029 | BW58: =BW57+AG58 -> 602 | BX58: =BX57+AH58 -> 30145 | BY58: =BY57+AI58 -> 3010 | BZ58: =BZ57+AJ58 -> 1378 | CA58: =CA57+AK58 -> 115 | ... CC58: =CC57+AM58 -> 575 | CD58: 55 | CE58: =CE57+AN58 -> 1490 | CF58: =CF57+AO58 -> 150 | CG58: =CG57+AP58 -> 7450 | CH58: =CH57+AQ58 -> 750 | CI58: =CI57+AR58 -> 37250 | CJ58: =CJ57+AS58 -> 3750 | CK58: =CK57+AT58 -> 1490 | CL58: =CL57+AU58 -> 150 | ... CN58: =CN57+AW58 -> 750 | CO58: 55 | CP58: =CP57+AX58 -> 1490 | CQ58: =CQ57+AY58 -> 150 | CR58: =CR57+AZ58 -> 7450 | CS58: =CS57+BA58 -> 750 | CT58: =CT57+BB58 -> 37250 | CU58: =CU57+BC58 -> 3750 | CV58: =CV57+BD58 -> 1490 | CW58: =CW57+BE58 -> 150 | ... CY58: =CY57+BG58 -> 750 | CZ58: 55 | DA58: 600000 | DB58: =DA58+DB57 -> 6513600 | DD58: =DC58+DD57 -> 800 | DH58: 55 | DI58: 125000 | DJ58: 250000 | DK58: 500000 | DL58: 55 | DM58: 250000 | DN58: 375000 | DO58: 750000 | DP58: 55 | DQ58: 500000 | DR58: 1000000 | DS58: 55 | DT58: =DI58+DT57 -> 2993500 | DU58: =DJ58+DU57 -> 5987000 | DV58: =DK58+DV57 -> 11974000 | DW58: =DM58+DW57 -> 5987000 | DX58: =DN58+DX57 -> 8980500 | DY58: =DO58+DY57 -> 17961000 | DZ58: 0 | EA58: =DQ58+EA57 -> 11974000 | EB58: =DR58+EB57 -> 23948000 | EC58: 55 | ED58: 3 | EE58: =ED58+EE57 -> 10
A59: 56 | B59: 460 | C59: =C58+B59 -> 11310 | S59: 56 | T59: 80 | U59: 8 | V59: 320 | W59: 32 | X59: 1600 | Y59: 160 | AD59: 105 | AE59: 11 | AF59: 420 | AG59: 44 | AH59: 2100 | AI59: 220 | AJ59: 80 | AK59: 8 | AL59: =AJ59*5 -> 400 | AM59: =AK59*5 -> 40 | AN59: 105 | AO59: 11 | AP59: 525 | AQ59: 55 | AR59: 2625 | AS59: 275 | AT59: 105 | AU59: 11 | AV59: 525 | AW59: 55 | AX59: 105 | AY59: 11 | AZ59: 525 | BA59: 55 | BB59: 2625 | BC59: 275 | BD59: 105 | BE59: 11 | BF59: =BD59*5 -> 525 | BG59: =BE59*5 -> 55 | BH59: 56 | BI59: =BI58+T59 -> 1210 | BJ59: =BJ58+U59 -> 123 | BK59: =BK58+V59 -> 4840 | BL59: =BL58+W59 -> 492 | BM59: =BM58+X59 -> 24200 | BN59: =BN58+Y59 -> 2460 | BO59: =BO58+Z59 -> 904 | BP59: =BP58+AA59 -> 93 | ... BR59: =BR58+AC59 -> 465 | BS59: 56 | BT59: =BT58+AD59 -> 1595 | BU59: =BU58+AE59 -> 161 | BV59: =BV58+AF59 -> 6449 | BW59: =BW58+AG59 -> 646 | BX59: =BX58+AH59 -> 32245 | BY59: =BY58+AI59 -> 3230 | BZ59: =BZ58+AJ59 -> 1458 | CA59: =CA58+AK59 -> 123 | ... CC59: =CC58+AM59 -> 615 | CD59: 56 | CE59: =CE58+AN59 -> 1595 | CF59: =CF58+AO59 -> 161 | CG59: =CG58+AP59 -> 7975 | CH59: =CH58+AQ59 -> 805 | CI59: =CI58+AR59 -> 39875 | CJ59: =CJ58+AS59 -> 4025 | CK59: =CK58+AT59 -> 1595 | CL59: =CL58+AU59 -> 161 | ... CN59: =CN58+AW59 -> 805 | CO59: 56 | CP59: =CP58+AX59 -> 1595 | CQ59: =CQ58+AY59 -> 161 | CR59: =CR58+AZ59 -> 7975 | CS59: =CS58+BA59 -> 805 | CT59: =CT58+BB59 -> 39875 | CU59: =CU58+BC59 -> 4025 | CV59: =CV58+BD59 -> 1595 | CW59: =CW58+BE59 -> 161 | ... CY59: =CY58+BG59 -> 805 | CZ59: 56 | DA59: 650000 | DB59: =DA59+DB58 -> 7163600 | DD59: =DC59+DD58 -> 800 | DH59: 56 | DI59: 127500 | DJ59: 255000 | DK59: 510000 | DL59: 56 | DM59: 255000 | DN59: 382500 | DO59: 765000 | DP59: 56 | DQ59: 510000 | DR59: 1020000 | DS59: 56 | DT59: =DI59+DT58 -> 3121000 | DU59: =DJ59+DU58 -> 6242000 | DV59: =DK59+DV58 -> 12484000 | DW59: =DM59+DW58 -> 6242000 | DX59: =DN59+DX58 -> 9363000 | DY59: =DO59+DY58 -> 18726000 | DZ59: 0 | EA59: =DQ59+EA58 -> 12484000 | EB59: =DR59+EB58 -> 24968000 | EC59: 56 | EE59: =ED59+EE58 -> 10
A60: 57 | B60: 470 | C60: =C59+B60 -> 11780 | S60: 57 | T60: 90 | U60: 9 | V60: 360 | W60: 36 | X60: 1800 | Y60: 180 | AD60: 120 | AE60: 12 | AF60: 480 | AG60: 48 | AH60: 2400 | AI60: 240 | AJ60: 80 | AK60: 8 | AL60: =AJ60*5 -> 400 | AM60: =AK60*5 -> 40 | AN60: 120 | AO60: 12 | AP60: 600 | AQ60: 60 | AR60: 3000 | AS60: 300 | AT60: 120 | AU60: 12 | AV60: 600 | AW60: 60 | AX60: 120 | AY60: 12 | AZ60: 600 | BA60: 60 | BB60: 3000 | BC60: 300 | BD60: 120 | BE60: 12 | BF60: =BD60*5 -> 600 | BG60: =BE60*5 -> 60 | BH60: 57 | BI60: =BI59+T60 -> 1300 | BJ60: =BJ59+U60 -> 132 | BK60: =BK59+V60 -> 5200 | BL60: =BL59+W60 -> 528 | BM60: =BM59+X60 -> 26000 | BN60: =BN59+Y60 -> 2640 | BO60: =BO59+Z60 -> 904 | BP60: =BP59+AA60 -> 93 | ... BR60: =BR59+AC60 -> 465 | BS60: 57 | BT60: =BT59+AD60 -> 1715 | BU60: =BU59+AE60 -> 173 | BV60: =BV59+AF60 -> 6929 | BW60: =BW59+AG60 -> 694 | BX60: =BX59+AH60 -> 34645 | BY60: =BY59+AI60 -> 3470 | BZ60: =BZ59+AJ60 -> 1538 | CA60: =CA59+AK60 -> 131 | ... CC60: =CC59+AM60 -> 655 | CD60: 57 | CE60: =CE59+AN60 -> 1715 | CF60: =CF59+AO60 -> 173 | CG60: =CG59+AP60 -> 8575 | CH60: =CH59+AQ60 -> 865 | CI60: =CI59+AR60 -> 42875 | CJ60: =CJ59+AS60 -> 4325 | CK60: =CK59+AT60 -> 1715 | CL60: =CL59+AU60 -> 173 | ... CN60: =CN59+AW60 -> 865 | CO60: 57 | CP60: =CP59+AX60 -> 1715 | CQ60: =CQ59+AY60 -> 173 | CR60: =CR59+AZ60 -> 8575 | CS60: =CS59+BA60 -> 865 | CT60: =CT59+BB60 -> 42875 | CU60: =CU59+BC60 -> 4325 | CV60: =CV59+BD60 -> 1715 | CW60: =CW59+BE60 -> 173 | ... CY60: =CY59+BG60 -> 865 | CZ60: 57 | DA60: 700000 | DB60: =DA60+DB59 -> 7863600 | DD60: =DC60+DD59 -> 800 | DH60: 57 | DI60: 130000 | DJ60: 260000 | DK60: 520000 | DL60: 57 | DM60: 260000 | DN60: 390000 | DO60: 780000 | DP60: 57 | DQ60: 520000 | DR60: 1040000 | DS60: 57 | DT60: =DI60+DT59 -> 3251000 | DU60: =DJ60+DU59 -> 6502000 | DV60: =DK60+DV59 -> 13004000 | DW60: =DM60+DW59 -> 6502000 | DX60: =DN60+DX59 -> 9753000 | DY60: =DO60+DY59 -> 19506000 | DZ60: 0 | EA60: =DQ60+EA59 -> 13004000 | EB60: =DR60+EB59 -> 26008000 | EC60: 57 | EE60: =ED60+EE59 -> 10
A61: 58 | B61: 480 | C61: =C60+B61 -> 12260 | S61: 58 | T61: 100 | U61: 9 | V61: 400 | W61: 36 | X61: 2000 | Y61: 180 | Z61: 80 | AA61: 7 | AB61: 400 | AC61: 35 | AD61: 135 | AE61: 13 | AF61: 540 | AG61: 54 | AH61: 2700 | AI61: 270 | AJ61: 80 | AK61: 8 | AL61: =AJ61*5 -> 400 | AM61: =AK61*5 -> 40 | AN61: 135 | AO61: 13 | AP61: 675 | AQ61: 65 | AR61: 3375 | AS61: 325 | AT61: 135 | AU61: 13 | AV61: 675 | AW61: 65 | AX61: 135 | AY61: 13 | AZ61: 675 | BA61: 65 | BB61: 3375 | BC61: 325 | BD61: 135 | BE61: 13 | BF61: =BD61*5 -> 675 | BG61: =BE61*5 -> 65 | BH61: 58 | BI61: =BI60+T61 -> 1400 | BJ61: =BJ60+U61 -> 141 | BK61: =BK60+V61 -> 5600 | BL61: =BL60+W61 -> 564 | BM61: =BM60+X61 -> 28000 | BN61: =BN60+Y61 -> 2820 | BO61: =BO60+Z61 -> 984 | BP61: =BP60+AA61 -> 100 | ... BR61: =BR60+AC61 -> 500 | BS61: 58 | BT61: =BT60+AD61 -> 1850 | BU61: =BU60+AE61 -> 186 | BV61: =BV60+AF61 -> 7469 | BW61: =BW60+AG61 -> 748 | BX61: =BX60+AH61 -> 37345 | BY61: =BY60+AI61 -> 3740 | BZ61: =BZ60+AJ61 -> 1618 | CA61: =CA60+AK61 -> 139 | ... CC61: =CC60+AM61 -> 695 | CD61: 58 | CE61: =CE60+AN61 -> 1850 | CF61: =CF60+AO61 -> 186 | CG61: =CG60+AP61 -> 9250 | CH61: =CH60+AQ61 -> 930 | CI61: =CI60+AR61 -> 46250 | CJ61: =CJ60+AS61 -> 4650 | CK61: =CK60+AT61 -> 1850 | CL61: =CL60+AU61 -> 186 | ... CN61: =CN60+AW61 -> 930 | CO61: 58 | CP61: =CP60+AX61 -> 1850 | CQ61: =CQ60+AY61 -> 186 | CR61: =CR60+AZ61 -> 9250 | CS61: =CS60+BA61 -> 930 | CT61: =CT60+BB61 -> 46250 | CU61: =CU60+BC61 -> 4650 | CV61: =CV60+BD61 -> 1850 | CW61: =CW60+BE61 -> 186 | ... CY61: =CY60+BG61 -> 930 | CZ61: 58 | DA61: 750000 | DB61: =DA61+DB60 -> 8613600 | DD61: =DC61+DD60 -> 800 | DH61: 58 | DI61: 132500 | DJ61: 265000 | DK61: 530000 | DL61: 58 | DM61: 265000 | DN61: 397500 | DO61: 795000 | DP61: 58 | DQ61: 530000 | DR61: 1060000 | DS61: 58 | DT61: =DI61+DT60 -> 3383500 | DU61: =DJ61+DU60 -> 6767000 | DV61: =DK61+DV60 -> 13534000 | DW61: =DM61+DW60 -> 6767000 | DX61: =DN61+DX60 -> 10150500 | DY61: =DO61+DY60 -> 20301000 | DZ61: 0 | EA61: =DQ61+EA60 -> 13534000 | EB61: =DR61+EB60 -> 27068000 | EC61: 58 | EE61: =ED61+EE60 -> 10
A62: 59 | B62: 490 | C62: =C61+B62 -> 12750 | S62: 59 | T62: 100 | U62: 9 | V62: 400 | W62: 36 | X62: 2000 | Y62: 180 | AD62: 150 | AE62: 14 | AF62: 600 | AG62: 60 | AH62: 3000 | AI62: 300 | AJ62: 100 | AK62: 10 | AL62: =AJ62*5 -> 500 | AM62: =AK62*5 -> 50 | AN62: 150 | AO62: 14 | AP62: 750 | AQ62: 70 | AR62: 3750 | AS62: 350 | AT62: 150 | AU62: 14 | AV62: 750 | AW62: 70 | AX62: 150 | AY62: 14 | AZ62: 750 | BA62: 70 | BB62: 3750 | BC62: 350 | BD62: 150 | BE62: 14 | BF62: =BD62*5 -> 750 | BG62: =BE62*5 -> 70 | BH62: 59 | BI62: =BI61+T62 -> 1500 | BJ62: =BJ61+U62 -> 150 | BK62: =BK61+V62 -> 6000 | BL62: =BL61+W62 -> 600 | BM62: =BM61+X62 -> 30000 | BN62: =BN61+Y62 -> 3000 | BO62: =BO61+Z62 -> 984 | BP62: =BP61+AA62 -> 100 | ... BR62: =BR61+AC62 -> 500 | BS62: 59 | BT62: =BT61+AD62 -> 2000 | BU62: =BU61+AE62 -> 200 | BV62: =BV61+AF62 -> 8069 | BW62: =BW61+AG62 -> 808 | BX62: =BX61+AH62 -> 40345 | BY62: =BY61+AI62 -> 4040 | BZ62: =BZ61+AJ62 -> 1718 | CA62: =CA61+AK62 -> 149 | ... CC62: =CC61+AM62 -> 745 | CD62: 59 | CE62: =CE61+AN62 -> 2000 | CF62: =CF61+AO62 -> 200 | CG62: =CG61+AP62 -> 10000 | CH62: =CH61+AQ62 -> 1000 | CI62: =CI61+AR62 -> 50000 | CJ62: =CJ61+AS62 -> 5000 | CK62: =CK61+AT62 -> 2000 | CL62: =CL61+AU62 -> 200 | ... CN62: =CN61+AW62 -> 1000 | CO62: 59 | CP62: =CP61+AX62 -> 2000 | CQ62: =CQ61+AY62 -> 200 | CR62: =CR61+AZ62 -> 10000 | CS62: =CS61+BA62 -> 1000 | CT62: =CT61+BB62 -> 50000 | CU62: =CU61+BC62 -> 5000 | CV62: =CV61+BD62 -> 2000 | CW62: =CW61+BE62 -> 200 | ... CY62: =CY61+BG62 -> 1000 | CZ62: 59 | DA62: 800000 | DB62: =DA62+DB61 -> 9413600 | DD62: =DC62+DD61 -> 800 | DH62: 59 | DI62: 135000 | DJ62: 270000 | DK62: 540000 | DL62: 59 | DM62: 270000 | DN62: 405000 | DO62: 810000 | DP62: 59 | DQ62: 540000 | DR62: 1080000 | DS62: 59 | DT62: =DI62+DT61 -> 3518500 | DU62: =DJ62+DU61 -> 7037000 | DV62: =DK62+DV61 -> 14074000 | DW62: =DM62+DW61 -> 7037000 | DX62: =DN62+DX61 -> 10555500 | DY62: =DO62+DY61 -> 21111000 | DZ62: 0 | EA62: =DQ62+EA61 -> 14074000 | EB62: =DR62+EB61 -> 28148000 | EC62: 59 | EE62: =ED62+EE61 -> 10
A63: 60 | B63: 500 | C63: =C62+B63 -> 13250 | S63: 60 | BH63: 60 | BI63: =BI62+T63 -> 1500 | BJ63: =BJ62+U63 -> 150 | BK63: =BK62+V63 -> 6000 | BL63: =BL62+W63 -> 600 | BM63: =BM62+X63 -> 30000 | BN63: =BN62+Y63 -> 3000 | BO63: =BO62+Z63 -> 984 | BP63: =BP62+AA63 -> 100 | ... BR63: =BR62+AC63 -> 500 | BS63: 60 | BT63: =BT62+AD63 -> 2000 | BU63: =BU62+AE63 -> 200 | BV63: =BV62+AF63 -> 8069 | BW63: =BW62+AG63 -> 808 | BX63: =BX62+AH63 -> 40345 | BY63: =BY62+AI63 -> 4040 | BZ63: =BZ62+AJ63 -> 1718 | CA63: =CA62+AK63 -> 149 | ... CC63: =CC62+AM63 -> 745 | CD63: 60 | CE63: =CE62+AN63 -> 2000 | CF63: =CF62+AO63 -> 200 | CG63: =CG62+AP63 -> 10000 | CH63: =CH62+AQ63 -> 1000 | CI63: =CI62+AR63 -> 50000 | CJ63: =CJ62+AS63 -> 5000 | CK63: =CK62+AT63 -> 2000 | CL63: =CL62+AU63 -> 200 | ... CN63: =CN62+AW63 -> 1000 | CO63: 60 | CP63: =CP62+AX63 -> 2000 | CQ63: =CQ62+AY63 -> 200 | CR63: =CR62+AZ63 -> 10000 | CS63: =CS62+BA63 -> 1000 | CT63: =CT62+BB63 -> 50000 | CU63: =CU62+BC63 -> 5000 | CV63: =CV62+BD63 -> 2000 | CW63: =CW62+BE63 -> 200 | ... CY63: =CY62+BG63 -> 1000 | CZ63: 60 | DA63: 1000000 | DB63: =DA63+DB62 -> 10413600 | DC63: 700 | DD63: =DC63+DD62 -> 1500 | DH63: 60 | DI63: MAX | DJ63: MAX | DK63: MAX | DL63: 60 | DM63: MAX | DN63: MAX | DO63: MAX | DP63: 60 | DQ63: MAX | DR63: MAX | DS63: 60 | EC63: 60
A64: 61 | B64: 510 | C64: =C63+B64 -> 13760 | CZ64: 61 | DA64: 1050000 | DB64: =DA64+DB63 -> 11463600 | DD64: =DC64+DD63 -> 1500
A65: 62 | B65: 520 | C65: =C64+B65 -> 14280 | CZ65: 62 | DA65: 1100000 | DB65: =DA65+DB64 -> 12563600 | DD65: =DC65+DD64 -> 1500
A66: 63 | B66: 530 | C66: =C65+B66 -> 14810 | CZ66: 63 | DA66: 1150000 | DB66: =DA66+DB65 -> 13713600 | DD66: =DC66+DD65 -> 1500
A67: 64 | B67: 540 | C67: =C66+B67 -> 15350 | CZ67: 64 | DA67: 1200000 | DB67: =DA67+DB66 -> 14913600 | DD67: =DC67+DD66 -> 1500
A68: 65 | B68: 550 | C68: =C67+B68 -> 15900 | CZ68: 65 | DA68: 1250000 | DB68: =DA68+DB67 -> 16163600 | DD68: =DC68+DD67 -> 1500
A69: 66 | B69: 560 | C69: =C68+B69 -> 16460 | CZ69: 66 | DA69: 1300000 | DB69: =DA69+DB68 -> 17463600 | DD69: =DC69+DD68 -> 1500
A70: 67 | B70: 570 | C70: =C69+B70 -> 17030 | CZ70: 67 | DA70: 1350000 | DB70: =DA70+DB69 -> 18813600 | DD70: =DC70+DD69 -> 1500
A71: 68 | B71: 580 | C71: =C70+B71 -> 17610 | CZ71: 68 | DA71: 1400000 | DB71: =DA71+DB70 -> 20213600 | DD71: =DC71+DD70 -> 1500
A72: 69 | B72: 590 | C72: =C71+B72 -> 18200 | CZ72: 69 | DA72: 1450000 | DB72: =DA72+DB71 -> 21663600 | DD72: =DC72+DD71 -> 1500
A73: 70 | B73: 600 | C73: =C72+B73 -> 18800 | CZ73: 70 | DA73: 1500000 | DB73: =DA73+DB72 -> 23163600 | DD73: =DC73+DD72 -> 1500
A74: 71 | B74: 610 | C74: =C73+B74 -> 19410 | CZ74: 71 | DA74: 1550000 | DB74: =DA74+DB73 -> 24713600 | DD74: =DC74+DD73 -> 1500
A75: 72 | B75: 620 | C75: =C74+B75 -> 20030 | CZ75: 72 | DA75: 1600000 | DB75: =DA75+DB74 -> 26313600 | DD75: =DC75+DD74 -> 1500
... A82: 79 | B82: 690 | C82: =C81+B82 -> 24650 | CZ82: 79 | DA82: 2000000 | DB82: =DA82+DB81 -> 38963600 | DD82: =DC82+DD81 -> 1500
A83: 80 | B83: 700 | C83: =C82+B83 -> 25350 | CZ83: 80 | DA83: 2100000 | DB83: =DA83+DB82 -> 41063600 | DC83: 800 | DD83: =DC83+DD82 -> 2300
A84: 81 | B84: 710 | C84: =C83+B84 -> 26060 | CZ84: 81 | DA84: 2200000 | DB84: =DA84+DB83 -> 43263600 | DD84: =DC84+DD83 -> 2300
A85: 82 | B85: 720 | C85: =C84+B85 -> 26780 | CZ85: 82 | DA85: 2300000 | DB85: =DA85+DB84 -> 45563600 | DD85: =DC85+DD84 -> 2300
A86: 83 | B86: 730 | C86: =C85+B86 -> 27510 | CZ86: 83 | DA86: 2400000 | DB86: =DA86+DB85 -> 47963600 | DD86: =DC86+DD85 -> 2300
A87: 84 | B87: 740 | C87: =C86+B87 -> 28250 | CZ87: 84 | DA87: 2500000 | DB87: =DA87+DB86 -> 50463600 | DD87: =DC87+DD86 -> 2300
A88: 85 | B88: 750 | C88: =C87+B88 -> 29000 | CZ88: 85 | DA88: 2600000 | DB88: =DA88+DB87 -> 53063600 | DC88: 800 | DD88: =DC88+DD87 -> 3100
A89: 86 | B89: 760 | C89: =C88+B89 -> 29760 | CZ89: 86 | DA89: 2700000 | DB89: =DA89+DB88 -> 55763600 | DD89: =DC89+DD88 -> 3100
A90: 87 | B90: 770 | C90: =C89+B90 -> 30530 | CZ90: 87 | DA90: 2800000 | DB90: =DA90+DB89 -> 58563600 | DD90: =DC90+DD89 -> 3100
A91: 88 | B91: 780 | C91: =C90+B91 -> 31310 | CZ91: 88 | DA91: 2900000 | DB91: =DA91+DB90 -> 61463600 | DD91: =DC91+DD90 -> 3100
A92: 89 | B92: 790 | C92: =C91+B92 -> 32100 | CZ92: 89 | DA92: 3000000 | DB92: =DA92+DB91 -> 64463600 | DD92: =DC92+DD91 -> 3100
A93: 90 | B93: 800 | C93: =C92+B93 -> 32900 | CZ93: 90 | DA93: 3100000 | DB93: =DA93+DB92 -> 67563600 | DC93: 800 | DD93: =DC93+DD92 -> 3900
A94: 91 | B94: 810 | C94: =C93+B94 -> 33710 | CZ94: 91 | DA94: 3200000 | DB94: =DA94+DB93 -> 70763600 | DD94: =DC94+DD93 -> 3900
A95: 92 | B95: 820 | C95: =C94+B95 -> 34530 | CZ95: 92 | DA95: 3300000 | DB95: =DA95+DB94 -> 74063600 | DD95: =DC95+DD94 -> 3900
A96: 93 | B96: 830 | C96: =C95+B96 -> 35360 | CZ96: 93 | DA96: 3400000 | DB96: =DA96+DB95 -> 77463600 | DD96: =DC96+DD95 -> 3900
A97: 94 | B97: 840 | C97: =C96+B97 -> 36200 | CZ97: 94 | DA97: 3500000 | DB97: =DA97+DB96 -> 80963600 | DD97: =DC97+DD96 -> 3900
A98: 95 | B98: 850 | C98: =C97+B98 -> 37050 | CZ98: 95 | DA98: 3600000 | DB98: =DA98+DB97 -> 84563600 | DC98: 800 | DD98: =DC98+DD97 -> 4700
A99: 96 | B99: 860 | C99: =C98+B99 -> 37910 | CZ99: 96 | DA99: 3700000 | DB99: =DA99+DB98 -> 88263600 | DD99: =DC99+DD98 -> 4700
A100: 97 | B100: 870 | C100: =C99+B100 -> 38780 | CZ100: 97 | DA100: 3800000 | DB100: =DA100+DB99 -> 92063600 | DD100: =DC100+DD99 -> 4700
A101: 98 | B101: 880 | C101: =C100+B101 -> 39660 | CZ101: 98 | DA101: 3900000 | DB101: =DA101+DB100 -> 95963600 | DD101: =DC101+DD100 -> 4700
A102: 99 | B102: 890 | C102: =C101+B102 -> 40550 | CZ102: 99 | DA102: 4000000 | DB102: =DA102+DB101 -> 99963600 | DD102: =DC102+DD101 -> 4700
A103: 100 | B103: 900 | C103: =C102+B103 -> 41450 | CZ103: 100 | DA103: 4100000 | DB103: =DA103+DB102 -> 104063600 | DC103: 1200 | DD103: =DC103+DD102 -> 5900
A104: 101 | B104: 910 | C104: =C103+B104 -> 42360 | CZ104: 101 | DA104: 4200000 | DB104: =DA104+DB103 -> 108263600 | DD104: =DC104+DD103 -> 5900
A105: 102 | B105: 920 | C105: =C104+B105 -> 43280 | CZ105: 102 | DA105: 4300000 | DB105: =DA105+DB104 -> 112563600 | DD105: =DC105+DD104 -> 5900
A106: 103 | B106: 930 | C106: =C105+B106 -> 44210 | CZ106: 103 | DA106: 4400000 | DB106: =DA106+DB105 -> 116963600 | DD106: =DC106+DD105 -> 5900
...
